-- MySQL dump 10.13  Distrib 8.0.31, for Linux (x86_64)
--
-- Host: localhost    Database: 3ds___mo_ta_cong_viec
-- ------------------------------------------------------
-- Server version	8.0.31-0ubuntu0.20.04.2

/*!40101 SET @OLD_CHARACTER_SET_CLIENT=@@CHARACTER_SET_CLIENT */;
/*!40101 SET @OLD_CHARACTER_SET_RESULTS=@@CHARACTER_SET_RESULTS */;
/*!40101 SET @OLD_COLLATION_CONNECTION=@@COLLATION_CONNECTION */;
/*!50503 SET NAMES utf8mb4 */;
/*!40103 SET @OLD_TIME_ZONE=@@TIME_ZONE */;
/*!40103 SET TIME_ZONE='+00:00' */;
/*!40014 SET @OLD_UNIQUE_CHECKS=@@UNIQUE_CHECKS, UNIQUE_CHECKS=0 */;
/*!40014 SET @OLD_FOREIGN_KEY_CHECKS=@@FOREIGN_KEY_CHECKS, FOREIGN_KEY_CHECKS=0 */;
/*!40101 SET @OLD_SQL_MODE=@@SQL_MODE, SQL_MODE='NO_AUTO_VALUE_ON_ZERO' */;
/*!40111 SET @OLD_SQL_NOTES=@@SQL_NOTES, SQL_NOTES=0 */;

--
-- Table structure for table `ask`
--

DROP TABLE IF EXISTS `ask`;
/*!40101 SET @saved_cs_client     = @@character_set_client */;
/*!50503 SET character_set_client = utf8mb4 */;
CREATE TABLE `ask` (
  `id` int unsigned NOT NULL AUTO_INCREMENT,
  `id_vi_tri` int unsigned NOT NULL,
  `noi_dung` text COLLATE utf8mb4_unicode_ci NOT NULL,
  `loai` int NOT NULL,
  `created_at` timestamp NULL DEFAULT NULL,
  `updated_at` timestamp NULL DEFAULT NULL,
  PRIMARY KEY (`id`),
  KEY `ask_id_vi_tri_foreign` (`id_vi_tri`),
  CONSTRAINT `ask_id_vi_tri_foreign` FOREIGN KEY (`id_vi_tri`) REFERENCES `tochuc___vi_tri` (`id`) ON DELETE CASCADE ON UPDATE CASCADE
) ENGINE=InnoDB AUTO_INCREMENT=13 DEFAULT CHARSET=utf8mb4 COLLATE=utf8mb4_unicode_ci;
/*!40101 SET character_set_client = @saved_cs_client */;

--
-- Dumping data for table `ask`
--

LOCK TABLES `ask` WRITE;
/*!40000 ALTER TABLE `ask` DISABLE KEYS */;
INSERT INTO `ask` VALUES (7,8,'Tốt, hợp tác, lắng nghe.',0,'2024-01-29 09:35:56','2024-01-29 09:35:56'),(8,8,'Gắn kết, xử lý vấn đề linh hoạt, nhanh chóng.',1,'2024-01-29 09:36:19','2024-01-29 09:36:19'),(9,8,'Tổng quan, chi tiết về Luật lao động và kinh nghiệm xử lý Quan hệ lao động',2,'2024-01-29 09:36:45','2024-01-29 09:36:45'),(10,53,'Tốt',0,'2024-01-29 10:31:56','2024-01-29 10:31:56'),(11,53,'Tốt',1,'2024-01-29 10:32:07','2024-01-29 10:32:07'),(12,53,'Tốt',0,'2024-01-29 10:32:12','2024-01-29 10:32:12');
/*!40000 ALTER TABLE `ask` ENABLE KEYS */;
UNLOCK TABLES;

--
-- Table structure for table `failed_jobs`
--

DROP TABLE IF EXISTS `failed_jobs`;
/*!40101 SET @saved_cs_client     = @@character_set_client */;
/*!50503 SET character_set_client = utf8mb4 */;
CREATE TABLE `failed_jobs` (
  `id` bigint unsigned NOT NULL AUTO_INCREMENT,
  `uuid` varchar(191) CHARACTER SET utf8mb4 COLLATE utf8mb4_unicode_ci NOT NULL,
  `connection` text CHARACTER SET utf8mb4 COLLATE utf8mb4_unicode_ci NOT NULL,
  `queue` text CHARACTER SET utf8mb4 COLLATE utf8mb4_unicode_ci NOT NULL,
  `payload` longtext CHARACTER SET utf8mb4 COLLATE utf8mb4_unicode_ci NOT NULL,
  `exception` longtext CHARACTER SET utf8mb4 COLLATE utf8mb4_unicode_ci NOT NULL,
  `failed_at` timestamp NOT NULL DEFAULT CURRENT_TIMESTAMP,
  PRIMARY KEY (`id`),
  UNIQUE KEY `failed_jobs_uuid_unique` (`uuid`)
) ENGINE=InnoDB DEFAULT CHARSET=utf8mb4 COLLATE=utf8mb4_unicode_ci;
/*!40101 SET character_set_client = @saved_cs_client */;

--
-- Dumping data for table `failed_jobs`
--

LOCK TABLES `failed_jobs` WRITE;
/*!40000 ALTER TABLE `failed_jobs` DISABLE KEYS */;
/*!40000 ALTER TABLE `failed_jobs` ENABLE KEYS */;
UNLOCK TABLES;

--
-- Table structure for table `jobs`
--

DROP TABLE IF EXISTS `jobs`;
/*!40101 SET @saved_cs_client     = @@character_set_client */;
/*!50503 SET character_set_client = utf8mb4 */;
CREATE TABLE `jobs` (
  `id` bigint unsigned NOT NULL AUTO_INCREMENT,
  `queue` varchar(191) CHARACTER SET utf8mb4 COLLATE utf8mb4_unicode_ci NOT NULL,
  `payload` longtext CHARACTER SET utf8mb4 COLLATE utf8mb4_unicode_ci NOT NULL,
  `attempts` tinyint unsigned NOT NULL,
  `reserved_at` int unsigned DEFAULT NULL,
  `available_at` int unsigned NOT NULL,
  `created_at` int unsigned NOT NULL,
  PRIMARY KEY (`id`),
  KEY `jobs_queue_index` (`queue`)
) ENGINE=InnoDB DEFAULT CHARSET=utf8mb4 COLLATE=utf8mb4_unicode_ci;
/*!40101 SET character_set_client = @saved_cs_client */;

--
-- Dumping data for table `jobs`
--

LOCK TABLES `jobs` WRITE;
/*!40000 ALTER TABLE `jobs` DISABLE KEYS */;
/*!40000 ALTER TABLE `jobs` ENABLE KEYS */;
UNLOCK TABLES;

--
-- Table structure for table `migrations`
--

DROP TABLE IF EXISTS `migrations`;
/*!40101 SET @saved_cs_client     = @@character_set_client */;
/*!50503 SET character_set_client = utf8mb4 */;
CREATE TABLE `migrations` (
  `id` int unsigned NOT NULL AUTO_INCREMENT,
  `migration` varchar(191) CHARACTER SET utf8mb4 COLLATE utf8mb4_unicode_ci NOT NULL,
  `batch` int NOT NULL,
  PRIMARY KEY (`id`)
) ENGINE=InnoDB AUTO_INCREMENT=24 DEFAULT CHARSET=utf8mb4 COLLATE=utf8mb4_unicode_ci;
/*!40101 SET character_set_client = @saved_cs_client */;

--
-- Dumping data for table `migrations`
--

LOCK TABLES `migrations` WRITE;
/*!40000 ALTER TABLE `migrations` DISABLE KEYS */;
INSERT INTO `migrations` VALUES (1,'2014_10_12_000000_create_users_table',1),(2,'2014_10_12_100000_create_password_resets_table',1),(3,'2019_08_19_000000_create_failed_jobs_table',1),(4,'2019_12_14_000001_create_personal_access_tokens_table',1),(5,'2022_01_19_075121_create_sessions_table',1),(6,'2022_01_19_080300_create_request_storings_table',1),(7,'2022_02_25_095554_create_permission_tables',1),(8,'2022_09_07_141321_create_jobs_table',1),(9,'2023_06_21_121644_create_vi_tri_table',1),(10,'2023_06_21_122214_create_nhiem_vu_table',1),(11,'2023_06_21_122443_create_tham_quyen_table',1),(12,'2023_06_21_122854_create_mo_ta_nhiem_vu_table',1),(13,'2023_06_21_123116_create_quan_he_trong_cong_viec',1),(14,'2023_06_26_104543_create_tieu_chuan_tuyen_chon_table',1),(15,'2023_06_28_183112_alter_table_role',1),(16,'2023_07_18_222703_alter_table_vi_tri_add_id_user',1),(17,'2023_07_20_100033_alter_table_vi_tri_add_column_hien_thi_nhanh',1),(18,'2023_08_18_093739_alter_table_vi_tri_add_vi_tri_cap_bac',1),(19,'2023_08_18_163905_alter_table_vi_tri_add_hien_thi',1),(20,'2023_09_13_085718_alter_table_vi_tri_add_status',2),(21,'2023_10_05_115008_alter_table_tieu_chuan_add_column_khac',3),(22,'2024_01_17_085235_alter_table_change_data_mo_ta_nhiem_vu',4),(23,'2024_01_17_090007_create_table_ask',4);
/*!40000 ALTER TABLE `migrations` ENABLE KEYS */;
UNLOCK TABLES;

--
-- Table structure for table `model_has_permissions`
--

DROP TABLE IF EXISTS `model_has_permissions`;
/*!40101 SET @saved_cs_client     = @@character_set_client */;
/*!50503 SET character_set_client = utf8mb4 */;
CREATE TABLE `model_has_permissions` (
  `permission_id` bigint unsigned NOT NULL,
  `model_type` varchar(191) CHARACTER SET utf8mb4 COLLATE utf8mb4_unicode_ci NOT NULL,
  `model_id` bigint unsigned NOT NULL,
  PRIMARY KEY (`permission_id`,`model_id`,`model_type`),
  KEY `model_has_permissions_model_id_model_type_index` (`model_id`,`model_type`),
  CONSTRAINT `model_has_permissions_permission_id_foreign` FOREIGN KEY (`permission_id`) REFERENCES `permissions` (`id`) ON DELETE CASCADE
) ENGINE=InnoDB DEFAULT CHARSET=utf8mb4 COLLATE=utf8mb4_unicode_ci;
/*!40101 SET character_set_client = @saved_cs_client */;

--
-- Dumping data for table `model_has_permissions`
--

LOCK TABLES `model_has_permissions` WRITE;
/*!40000 ALTER TABLE `model_has_permissions` DISABLE KEYS */;
INSERT INTO `model_has_permissions` VALUES (91,'App\\Models\\User',83),(91,'App\\Models\\User',128),(91,'App\\Models\\User',130),(91,'App\\Models\\User',137);
/*!40000 ALTER TABLE `model_has_permissions` ENABLE KEYS */;
UNLOCK TABLES;

--
-- Table structure for table `model_has_roles`
--

DROP TABLE IF EXISTS `model_has_roles`;
/*!40101 SET @saved_cs_client     = @@character_set_client */;
/*!50503 SET character_set_client = utf8mb4 */;
CREATE TABLE `model_has_roles` (
  `role_id` bigint unsigned NOT NULL,
  `model_type` varchar(191) CHARACTER SET utf8mb4 COLLATE utf8mb4_unicode_ci NOT NULL,
  `model_id` bigint unsigned NOT NULL,
  PRIMARY KEY (`role_id`,`model_id`,`model_type`),
  KEY `model_has_roles_model_id_model_type_index` (`model_id`,`model_type`),
  CONSTRAINT `model_has_roles_role_id_foreign` FOREIGN KEY (`role_id`) REFERENCES `roles` (`id`) ON DELETE CASCADE
) ENGINE=InnoDB DEFAULT CHARSET=utf8mb4 COLLATE=utf8mb4_unicode_ci;
/*!40101 SET character_set_client = @saved_cs_client */;

--
-- Dumping data for table `model_has_roles`
--

LOCK TABLES `model_has_roles` WRITE;
/*!40000 ALTER TABLE `model_has_roles` DISABLE KEYS */;
INSERT INTO `model_has_roles` VALUES (5,'App\\Models\\User',0),(2,'App\\Models\\User',1),(9,'App\\Models\\User',1),(5,'App\\Models\\User',10),(2,'App\\Models\\User',14),(5,'App\\Models\\User',53),(8,'App\\Models\\User',53),(5,'App\\Models\\User',61),(5,'App\\Models\\User',77),(5,'App\\Models\\User',80),(5,'App\\Models\\User',82),(5,'App\\Models\\User',83),(9,'App\\Models\\User',83),(5,'App\\Models\\User',86),(2,'App\\Models\\User',103),(5,'App\\Models\\User',111),(9,'App\\Models\\User',128),(5,'App\\Models\\User',129),(9,'App\\Models\\User',130),(5,'App\\Models\\User',135),(9,'App\\Models\\User',137),(5,'App\\Models\\User',902),(5,'App\\Models\\User',903),(5,'App\\Models\\User',904),(5,'App\\Models\\User',907),(5,'App\\Models\\User',908),(5,'App\\Models\\User',909),(5,'App\\Models\\User',910),(5,'App\\Models\\User',911),(5,'App\\Models\\User',913),(2,'App\\Models\\User',914),(5,'App\\Models\\User',914),(9,'App\\Models\\User',914),(5,'App\\Models\\User',915),(5,'App\\Models\\User',916),(5,'App\\Models\\User',917),(5,'App\\Models\\User',918),(5,'App\\Models\\User',919),(5,'App\\Models\\User',920),(5,'App\\Models\\User',921),(5,'App\\Models\\User',922),(5,'App\\Models\\User',923),(5,'App\\Models\\User',924),(5,'App\\Models\\User',925),(2,'App\\Models\\User',926),(5,'App\\Models\\User',927),(5,'App\\Models\\User',928),(5,'App\\Models\\User',929),(5,'App\\Models\\User',930),(5,'App\\Models\\User',931),(5,'App\\Models\\User',932),(5,'App\\Models\\User',933);
/*!40000 ALTER TABLE `model_has_roles` ENABLE KEYS */;
UNLOCK TABLES;

--
-- Table structure for table `password_resets`
--

DROP TABLE IF EXISTS `password_resets`;
/*!40101 SET @saved_cs_client     = @@character_set_client */;
/*!50503 SET character_set_client = utf8mb4 */;
CREATE TABLE `password_resets` (
  `email` varchar(191) CHARACTER SET utf8mb4 COLLATE utf8mb4_unicode_ci NOT NULL,
  `token` varchar(191) CHARACTER SET utf8mb4 COLLATE utf8mb4_unicode_ci NOT NULL,
  `created_at` timestamp NULL DEFAULT NULL,
  KEY `password_resets_email_index` (`email`)
) ENGINE=InnoDB DEFAULT CHARSET=utf8mb4 COLLATE=utf8mb4_unicode_ci;
/*!40101 SET character_set_client = @saved_cs_client */;

--
-- Dumping data for table `password_resets`
--

LOCK TABLES `password_resets` WRITE;
/*!40000 ALTER TABLE `password_resets` DISABLE KEYS */;
/*!40000 ALTER TABLE `password_resets` ENABLE KEYS */;
UNLOCK TABLES;

--
-- Table structure for table `permissions`
--

DROP TABLE IF EXISTS `permissions`;
/*!40101 SET @saved_cs_client     = @@character_set_client */;
/*!50503 SET character_set_client = utf8mb4 */;
CREATE TABLE `permissions` (
  `id` bigint unsigned NOT NULL AUTO_INCREMENT,
  `name` varchar(191) CHARACTER SET utf8mb4 COLLATE utf8mb4_unicode_ci NOT NULL,
  `guard_name` varchar(191) CHARACTER SET utf8mb4 COLLATE utf8mb4_unicode_ci NOT NULL,
  `created_at` timestamp NULL DEFAULT NULL,
  `updated_at` timestamp NULL DEFAULT NULL,
  PRIMARY KEY (`id`),
  UNIQUE KEY `permissions_name_guard_name_unique` (`name`,`guard_name`)
) ENGINE=InnoDB AUTO_INCREMENT=94 DEFAULT CHARSET=utf8mb4 COLLATE=utf8mb4_unicode_ci;
/*!40101 SET character_set_client = @saved_cs_client */;

--
-- Dumping data for table `permissions`
--

LOCK TABLES `permissions` WRITE;
/*!40000 ALTER TABLE `permissions` DISABLE KEYS */;
INSERT INTO `permissions` VALUES (3,'view_users','web','2022-03-21 18:14:15','2022-03-21 18:14:15'),(4,'add_users','web','2022-03-21 18:16:55','2022-03-21 18:16:55'),(5,'edit_users','web','2022-03-21 18:17:17','2022-03-21 18:17:17'),(6,'delete_users','web','2022-03-21 18:17:27','2022-03-21 18:17:27'),(7,'add_congthuctinh','web','2022-03-21 18:17:44','2022-03-21 18:17:44'),(8,'edit_congthuctinh','web','2022-03-21 18:17:59','2022-03-21 18:17:59'),(9,'view_congthuctinh','web','2022-03-21 18:18:14','2022-03-21 18:18:14'),(10,'delete_congthuctinh','web','2022-03-21 18:18:26','2022-03-21 18:18:26'),(11,'view_orders','web','2022-03-21 18:18:49','2022-03-21 18:18:49'),(12,'add_orders','web','2022-03-21 18:18:58','2022-03-21 18:18:58'),(13,'edit_orders','web','2022-03-21 18:19:04','2022-03-21 18:19:04'),(14,'delete_orders','web','2022-03-21 18:19:12','2022-03-21 18:19:12'),(15,'view_products','web','2022-03-21 18:19:24','2022-03-21 18:19:24'),(16,'add_products','web','2022-03-21 18:19:36','2022-03-21 18:19:36'),(17,'edit_products','web','2022-03-21 18:19:44','2022-03-21 18:19:44'),(18,'delete_products','web','2022-03-21 18:19:52','2022-03-21 18:19:52'),(19,'view_chitieu','web','2022-03-21 18:44:42','2022-03-21 18:44:42'),(20,'edit_chitieu','web','2022-03-21 18:45:03','2022-03-21 18:45:03'),(21,'add_chitieu','web','2022-03-21 18:45:10','2022-03-21 18:45:10'),(22,'delete_chitieu','web','2022-03-21 18:45:22','2022-03-21 18:45:22'),(23,'view_hangmuc','web','2022-03-21 18:51:11','2022-03-21 18:51:11'),(24,'add_hangmuc','web','2022-03-21 18:51:21','2022-03-21 18:51:21'),(25,'edit_hangmuc','web','2022-03-21 18:51:28','2022-03-21 18:51:28'),(26,'delete_hangmuc','web','2022-03-21 18:51:34','2022-03-21 18:51:34'),(27,'view_roles','web','2022-03-25 12:37:32','2022-03-25 12:37:32'),(28,'edit_roles','web','2022-03-25 12:37:56','2022-03-25 12:37:56'),(29,'add_roles','web','2022-03-25 12:38:04','2022-03-25 12:38:04'),(30,'delete_roles','web','2022-03-25 12:38:10','2022-03-25 12:38:10'),(42,'view_ngansachthuong','web','2022-08-30 07:08:08','2022-08-30 07:08:08'),(43,'add_ngansachthuong','web','2022-08-30 07:08:14','2022-08-30 07:08:14'),(44,'edit_ngansachthuong','web','2022-08-30 07:08:20','2022-08-30 07:08:20'),(45,'delete_ngansachthuong','web','2022-08-30 07:08:27','2022-08-30 07:08:27'),(46,'view_thuongnhanvien','web','2022-09-12 01:50:17','2022-09-12 01:50:17'),(47,'add_thuongnhanvien','web','2022-09-12 01:50:30','2022-09-12 01:50:30'),(48,'edit_thuongnhanvien','web','2022-09-12 01:50:38','2022-09-12 01:50:38'),(49,'delete_thuongnhanvien','web','2022-09-12 01:50:47','2022-09-12 01:50:47'),(50,'view_noxaus','web','2023-03-15 03:01:45','2023-03-15 03:01:45'),(51,'add_noxaus','web','2023-03-15 03:01:45','2023-03-15 03:01:45'),(52,'edit_noxaus','web','2023-03-15 03:01:45','2023-03-15 03:01:45'),(53,'delete_noxaus','web','2023-03-15 03:01:45','2023-03-15 03:01:45'),(54,'view_nhanviens','web','2023-03-15 03:01:54','2023-03-15 03:01:54'),(55,'add_nhanviens','web','2023-03-15 03:01:54','2023-03-15 03:01:54'),(56,'edit_nhanviens','web','2023-03-15 03:01:55','2023-03-15 03:01:55'),(57,'delete_nhanviens','web','2023-03-15 03:01:55','2023-03-15 03:01:55'),(58,'view_nhomnhanviens','web','2023-03-15 03:08:41','2023-03-15 03:08:41'),(59,'add_nhomnhanviens','web','2023-03-15 03:08:41','2023-03-15 03:08:41'),(60,'edit_nhomnhanviens','web','2023-03-15 03:08:41','2023-03-15 03:08:41'),(61,'delete_nhomnhanviens','web','2023-03-15 03:08:41','2023-03-15 03:08:41'),(62,'view_khachhangs','web','2023-03-15 03:09:33','2023-03-15 03:09:33'),(63,'add_khachhangs','web','2023-03-15 03:09:33','2023-03-15 03:09:33'),(64,'edit_khachhangs','web','2023-03-15 03:09:33','2023-03-15 03:09:33'),(65,'delete_khachhangs','web','2023-03-15 03:09:33','2023-03-15 03:09:33'),(66,'view_email_lists','web','2023-03-16 03:17:46','2023-03-16 03:17:46'),(67,'add_email_lists','web','2023-03-16 03:17:46','2023-03-16 03:17:46'),(68,'edit_email_lists','web','2023-03-16 03:17:46','2023-03-16 03:17:46'),(69,'delete_email_lists','web','2023-03-16 03:17:46','2023-03-16 03:17:46'),(70,'view_loaisanphamquanlies','web','2023-06-13 09:55:21','2023-06-13 09:55:21'),(71,'add_loaisanphamquanlies','web','2023-06-13 09:55:21','2023-06-13 09:55:21'),(72,'edit_loaisanphamquanlies','web','2023-06-13 09:55:21','2023-06-13 09:55:21'),(73,'delete_loaisanphamquanlies','web','2023-06-13 09:55:21','2023-06-13 09:55:21'),(74,'view_quanlysanphams','web','2023-06-13 09:56:02','2023-06-13 09:56:02'),(75,'add_quanlysanphams','web','2023-06-13 09:56:02','2023-06-13 09:56:02'),(76,'edit_quanlysanphams','web','2023-06-13 09:56:02','2023-06-13 09:56:02'),(77,'delete_quanlysanphams','web','2023-06-13 09:56:02','2023-06-13 09:56:02'),(78,'view_loaithuongkythuats','web','2023-06-13 09:56:13','2023-06-13 09:56:13'),(79,'add_loaithuongkythuats','web','2023-06-13 09:56:13','2023-06-13 09:56:13'),(80,'edit_loaithuongkythuats','web','2023-06-13 09:56:13','2023-06-13 09:56:13'),(81,'delete_loaithuongkythuats','web','2023-06-13 09:56:13','2023-06-13 09:56:13'),(82,'view_sotienthuongkythuats','web','2023-06-13 09:56:22','2023-06-13 09:56:22'),(83,'add_sotienthuongkythuats','web','2023-06-13 09:56:22','2023-06-13 09:56:22'),(84,'edit_sotienthuongkythuats','web','2023-06-13 09:56:22','2023-06-13 09:56:22'),(85,'delete_sotienthuongkythuats','web','2023-06-13 09:56:22','2023-06-13 09:56:22'),(86,'view_thuongkythuats','web','2023-06-13 09:56:31','2023-06-13 09:56:31'),(87,'add_thuongkythuats','web','2023-06-13 09:56:31','2023-06-13 09:56:31'),(88,'edit_thuongkythuats','web','2023-06-13 09:56:31','2023-06-13 09:56:31'),(89,'delete_thuongkythuats','web','2023-06-13 09:56:31','2023-06-13 09:56:31'),(90,'view_mtcv','web','2022-03-21 18:14:15','2022-03-21 18:14:15'),(91,'add_mtcv','web','2022-03-21 18:16:55','2022-03-21 18:16:55'),(92,'edit_mtcv','web','2022-03-21 18:17:17','2022-03-21 18:17:17'),(93,'delete_mtcv','web','2022-03-21 18:17:27','2022-03-21 18:17:27');
/*!40000 ALTER TABLE `permissions` ENABLE KEYS */;
UNLOCK TABLES;

--
-- Table structure for table `personal_access_tokens`
--

DROP TABLE IF EXISTS `personal_access_tokens`;
/*!40101 SET @saved_cs_client     = @@character_set_client */;
/*!50503 SET character_set_client = utf8mb4 */;
CREATE TABLE `personal_access_tokens` (
  `id` bigint unsigned NOT NULL AUTO_INCREMENT,
  `tokenable_type` varchar(191) CHARACTER SET utf8mb4 COLLATE utf8mb4_unicode_ci NOT NULL,
  `tokenable_id` bigint unsigned NOT NULL,
  `name` varchar(191) CHARACTER SET utf8mb4 COLLATE utf8mb4_unicode_ci NOT NULL,
  `token` varchar(64) CHARACTER SET utf8mb4 COLLATE utf8mb4_unicode_ci NOT NULL,
  `abilities` text CHARACTER SET utf8mb4 COLLATE utf8mb4_unicode_ci,
  `last_used_at` timestamp NULL DEFAULT NULL,
  `created_at` timestamp NULL DEFAULT NULL,
  `updated_at` timestamp NULL DEFAULT NULL,
  PRIMARY KEY (`id`),
  UNIQUE KEY `personal_access_tokens_token_unique` (`token`),
  KEY `personal_access_tokens_tokenable_type_tokenable_id_index` (`tokenable_type`,`tokenable_id`)
) ENGINE=InnoDB DEFAULT CHARSET=utf8mb4 COLLATE=utf8mb4_unicode_ci;
/*!40101 SET character_set_client = @saved_cs_client */;

--
-- Dumping data for table `personal_access_tokens`
--

LOCK TABLES `personal_access_tokens` WRITE;
/*!40000 ALTER TABLE `personal_access_tokens` DISABLE KEYS */;
/*!40000 ALTER TABLE `personal_access_tokens` ENABLE KEYS */;
UNLOCK TABLES;

--
-- Table structure for table `quan_he_trong_cong_viec`
--

DROP TABLE IF EXISTS `quan_he_trong_cong_viec`;
/*!40101 SET @saved_cs_client     = @@character_set_client */;
/*!50503 SET character_set_client = utf8mb4 */;
CREATE TABLE `quan_he_trong_cong_viec` (
  `id` int unsigned NOT NULL AUTO_INCREMENT,
  `noi_dung` text CHARACTER SET utf8mb4 COLLATE utf8mb4_unicode_ci NOT NULL,
  `id_vi_tri` int unsigned NOT NULL,
  `loai` tinyint(1) NOT NULL DEFAULT '1',
  `created_at` timestamp NULL DEFAULT NULL,
  `updated_at` timestamp NULL DEFAULT NULL,
  PRIMARY KEY (`id`),
  KEY `quan_he_trong_cong_viec_id_vi_tri_foreign` (`id_vi_tri`),
  CONSTRAINT `quan_he_trong_cong_viec_id_vi_tri_foreign` FOREIGN KEY (`id_vi_tri`) REFERENCES `tochuc___vi_tri` (`id`)
) ENGINE=InnoDB AUTO_INCREMENT=142 DEFAULT CHARSET=utf8mb4 COLLATE=utf8mb4_unicode_ci;
/*!40101 SET character_set_client = @saved_cs_client */;

--
-- Dumping data for table `quan_he_trong_cong_viec`
--

LOCK TABLES `quan_he_trong_cong_viec` WRITE;
/*!40000 ALTER TABLE `quan_he_trong_cong_viec` DISABLE KEYS */;
INSERT INTO `quan_he_trong_cong_viec` VALUES (4,'Sales rep: tôn trọng tuân theo chỉ định',10,0,'2023-10-13 01:49:19','2023-12-08 01:30:02'),(6,'Kế toán - hỗ trợ công nợ, hóa đơn',10,0,'2023-10-13 04:18:51','2023-12-08 01:30:43'),(7,'Khách hàng - chăm sóc chuyên nghiệp',10,1,'2023-10-13 04:19:12','2023-12-08 01:32:56'),(8,'Nhận việc trực tiếp từ cấp trên',38,0,'2023-10-16 02:11:22','2023-10-16 02:11:22'),(9,'Làm việc với HR về tài khoản nhân sự mới/nghỉ việc',38,0,'2023-10-16 02:21:55','2023-10-16 02:21:55'),(10,'Làm việc với các nhà cung cấp thiết bị',38,1,'2023-10-16 02:22:44','2023-10-16 02:22:51'),(11,'Làm việc với các dịch vụ sửa chữa máy tính',38,1,'2023-10-16 02:24:24','2023-10-16 02:24:24'),(14,'Tiếp nhận thông tin yêu cầu & đơn hàng từ BP. Kinh Doanh',25,0,'2023-10-20 10:15:42','2023-10-20 10:16:00'),(15,'Hỗ trợ đồng nghiệp BP Sản xuất xử lý đơn hàng',25,0,'2023-10-20 10:16:11','2023-10-20 10:16:11'),(16,'Phản hồi ý kiến của BP Chăm sóc khách hàng về chất lượng mẫu in, thời gian giao hàng...',25,0,'2023-10-20 10:16:37','2023-10-20 10:16:37'),(17,'Xử lý các đơn hàng in 3D/ quét 3D cho khách hàng B2C / B2B',25,1,'2023-10-20 10:24:00','2023-10-20 10:24:00'),(18,'BP Kinh doanh dịch vụ: các đơn hàng quét 3D cho khách hàng',27,0,'2023-10-23 03:55:55','2023-10-23 03:55:55'),(19,'Workshop Manager: cấp trên điều phối hoạt động BP Sản xuất',27,0,'2023-10-23 03:56:30','2023-10-23 03:56:30'),(20,'Team AE: nghiên cứu ứng dụng cải tiến sản xuất',27,0,'2023-10-23 03:56:54','2023-10-23 03:56:54'),(21,'Khách hàng có nhu cầu quét 3D',27,1,'2023-10-23 03:57:17','2023-10-23 03:57:17'),(22,'BP Thu mua: đề xuất đặt mua CCDC',26,0,'2023-10-23 04:41:37','2023-10-23 04:41:37'),(23,'Workshop Manager: cấp trên điều phối hoạt động BP Sản xuất',26,0,'2023-10-23 04:42:13','2023-10-23 04:42:13'),(24,'Khách hàng có mẫu in 3D',26,1,'2023-10-23 04:42:43','2023-10-23 04:42:43'),(25,'BP Kinh doanh dịch vụ: các đơn hàng thiết kế ngược cho khách hàng',28,0,'2023-10-23 05:00:20','2023-10-23 05:00:20'),(26,'Workshop Manager: cấp trên điều phối hoạt động BP Sản xuất',28,0,'2023-10-23 05:00:31','2023-10-23 05:00:31'),(27,'Khách hàng có nhu cầu thiết kế ngược, quét 3D',28,1,'2023-10-23 05:00:56','2023-10-23 05:00:56'),(28,'BP TKKD team 3Dm: cùng với nhân viên KD mảng TKKD & nhân viên Mechanical Design phối hợp thực hiện các đơn hàng TKKD',23,0,'2023-10-23 06:30:16','2023-10-23 06:30:16'),(29,'Workshop Manager: cấp trên quản lý tổng quan team TKKD',23,0,'2023-10-23 06:30:51','2023-10-23 06:30:51'),(30,'BP Marketing: tiếp nhận các yêu cầu hỗ trợ thiết kế graphic',23,0,'2023-10-23 06:31:31','2023-10-23 06:31:31'),(31,'Khách hàng có đơn hàng dịch vụ TKKD',23,1,'2023-10-23 06:31:52','2023-10-23 06:32:01'),(32,'Đối tác thiết kế công ty outsource',23,1,'2023-10-23 06:32:22','2023-10-23 06:32:22'),(33,'BP TKKD team 3Dm: cùng với nhân viên KD mảng TKKD & nhân viên Industrial Design phối hợp thực hiện các đơn hàng TKKD',24,0,'2023-10-23 06:50:36','2023-10-23 06:50:36'),(34,'Workshop Manager: cấp trên quản lý tổng quan team TKKD',24,0,'2023-10-23 06:50:47','2023-10-23 06:50:47'),(35,'Khách hàng có đơn hàng dịch vụ TKKD',24,1,'2023-10-23 06:51:02','2023-10-23 06:51:02'),(36,'Truyền tải yêu cầu của khách hàng cho BP Sản xuất',20,0,'2023-10-23 07:18:48','2023-10-23 07:18:48'),(37,'Workshop Manager: quản lý chung tình hình kinh doanh và sản xuất của team 3Dm',20,0,'2023-10-23 07:19:28','2023-10-23 07:19:28'),(38,'Kế toán: yêu cầu hỗ trợ các thủ tục giấy tờ, công nợ, thanh toán...',20,0,'2023-10-23 07:20:04','2023-10-23 07:20:04'),(39,'Sales admin: yêu cầu hỗ trợ chứng từ liên quan hợp đồng, NDA, các biên bản kèm theo...',20,0,'2023-10-23 07:20:36','2023-10-23 07:20:36'),(40,'Khách hàng có nhu cầu và đơn hàng dịch vụ',20,1,'2023-10-23 07:20:59','2023-10-23 07:20:59'),(41,'Đối tác cùng ngành',20,1,'2023-10-23 07:21:58','2023-10-23 07:21:58'),(42,'Truyền tải yêu cầu của khách hàng cho BP Sản xuất',21,0,'2023-10-23 07:36:26','2023-10-23 07:36:26'),(43,'BP TKKD team 3Dm: cùng với các nhân viên Industrial Design & nhân viên Mechanical Design phối hợp thực hiện các đơn hàng TKKD',21,0,'2023-10-23 07:37:20','2023-10-23 07:37:20'),(44,'Workshop Manager: quản lý chung tình hình kinh doanh và sản xuất của team 3Dm',21,0,'2023-10-23 07:37:33','2023-10-23 07:37:33'),(45,'Kế toán: yêu cầu hỗ trợ các thủ tục giấy tờ, công nợ, thanh toán...',21,0,'2023-10-23 07:37:46','2023-10-23 07:37:46'),(46,'Khách hàng có nhu cầu và đơn hàng dịch vụ',21,1,'2023-10-23 07:38:00','2023-10-23 07:38:00'),(47,'BP Sản xuất: cung cấp các tư liệu thực về hình ảnh mẫu in 3D, thao tác quét 3D',51,0,'2023-10-23 08:18:20','2023-10-23 08:18:20'),(48,'Team thiết kế graphic: cung cấp hình ảnh phục vụ việc đăng tin bài',51,0,'2023-10-23 08:19:50','2023-10-23 08:19:50'),(49,'Đối tác thiết kế công ty outsource',51,1,'2023-10-23 08:20:35','2023-10-23 08:20:35'),(50,'Các phòng ban trong công ty',17,0,'2023-12-07 07:02:23','2023-12-07 07:02:23'),(51,'Hành chính nhân sự',5,0,'2023-12-07 09:14:53','2024-01-17 06:20:36'),(52,'Kế toán',5,0,'2023-12-07 09:15:39','2023-12-07 09:15:39'),(53,'IT',5,0,'2023-12-07 09:15:53','2023-12-07 09:15:53'),(54,'Kinh doanh',5,0,'2023-12-07 09:16:07','2023-12-07 09:16:07'),(55,'Marketing',5,0,'2023-12-07 09:16:23','2023-12-07 09:16:23'),(56,'3DM',5,0,'2023-12-07 09:16:34','2023-12-07 09:16:34'),(57,'Khách hàng nước ngoài',5,1,'2023-12-07 09:16:54','2023-12-07 09:16:54'),(58,'Đối tác Hảng',5,1,'2023-12-07 09:17:12','2023-12-07 09:17:25'),(59,'Nhà cung cấp trong nước',5,1,'2023-12-07 09:17:47','2023-12-07 09:17:47'),(60,'Cơ quan chính quyền nhà nước',5,1,'2023-12-07 09:18:08','2023-12-07 09:18:08'),(61,'Các đơn vị hiệp hội liên quan',5,1,'2023-12-07 09:18:37','2023-12-07 09:18:37'),(62,'Các KH doanh nghiệp',17,1,'2023-12-07 09:33:05','2023-12-07 09:33:05'),(63,'KH là các tổ chức, trường học...',17,1,'2023-12-07 09:33:31','2023-12-07 09:33:31'),(64,'Kế toán - hỗ trợ hóa đơn',14,0,'2023-12-07 09:45:55','2023-12-07 09:45:55'),(65,'Kỹ thuật - hỗ trợ kỹ thuật',14,0,'2023-12-07 09:46:29','2023-12-07 09:46:29'),(66,'Khách hàng - tạo mối quan hệ',14,1,'2023-12-07 09:46:52','2023-12-07 09:46:52'),(67,'Trao đổi và phối hợp nội bộ phòng kinh doanh, Marketing, IT',11,0,'2023-12-07 10:16:42','2023-12-07 10:16:42'),(68,'Thực hiện các công việc khác theo sự phân công của BGĐ',11,0,'2023-12-07 10:16:55','2023-12-07 10:16:55'),(69,'Tuân thủ các nội quy, quy định của công ty',11,0,'2023-12-07 10:17:16','2023-12-07 10:17:16'),(70,'Lắng nghe, hỗ trợ, chia sẻ với đồng nghiệp',11,0,'2023-12-07 10:17:31','2023-12-07 10:17:31'),(71,'Hỗ trợ tư vấn các sản phẩm và dịch vụ của công ty cho khách hàng',11,1,'2023-12-07 10:17:48','2023-12-07 10:17:48'),(72,'Tham gia các event, seminar, exhibition, trade fair liên đến chuyên môn của Phòng kinh doanh',11,1,'2023-12-07 10:18:09','2023-12-07 10:18:09'),(73,'Kế toán - tôn trọng lắng nghe',9,0,'2023-12-08 01:14:31','2023-12-08 01:14:31'),(74,'AE - tôn trọng lắng nghe',9,0,'2023-12-08 01:14:59','2023-12-08 01:14:59'),(75,'PE  - tôn trọng lắng nghe',9,0,'2023-12-08 01:15:14','2023-12-08 01:15:14'),(76,'BOD - tôn trọng lắng nghe',9,0,'2023-12-08 01:15:29','2023-12-08 01:15:29'),(77,'Kỹ thuật - trao đổi công nghệ, giải pháp',10,0,'2023-12-08 01:31:17','2023-12-08 01:31:17'),(78,'Đồng nghiệp - hòa đồng, tích cực',10,0,'2023-12-08 01:31:44','2023-12-08 01:31:44'),(80,'Chuyển giao thành công đến khách hàng',10,0,'2023-12-08 01:46:42','2023-12-08 01:46:42'),(82,'Đối tác - hỗ trợ tối đa',10,1,'2023-12-08 01:50:50','2023-12-08 01:50:50'),(83,'Khác - trên tinh thần \"BATFT\"',10,1,'2023-12-08 01:52:58','2023-12-08 01:52:58'),(84,'Hành chính nhân sự\r\n- Kinh doanh\r\n- Kỹ thuật\r\n- 3DM',31,0,'2023-12-08 03:35:10','2023-12-08 03:35:26'),(85,'Khách hàng doanh nghiệp - Kh cá nhân - Trường học - cơ quan nhà nuóc',31,1,'2023-12-08 03:36:08','2023-12-08 03:36:19'),(86,'Nhận nhiệm vụ trực tiếp từ CEO',37,0,'2023-12-08 03:59:41','2023-12-08 03:59:41'),(87,'Hỗ trợ các phòng ban khi có sự cố',37,0,'2023-12-08 03:59:56','2023-12-08 03:59:56'),(88,'Hỗ trợ về phần cứng & phần mềm khi có sự kiện liên quan',37,0,'2023-12-08 04:00:11','2023-12-08 04:00:11'),(89,'Làm việc với Getfly để xử lý các vấn đề liên quan tới hệ thống CRM',37,1,'2023-12-08 04:00:30','2023-12-08 04:00:30'),(90,'Làm việc với Mắt Bão/Cloud host khi cần',37,1,'2023-12-08 04:00:44','2023-12-08 04:01:28'),(91,'Liên hệ NCC khi có nhu cầu mua/sửa chửa máy tính, thiết bị',37,1,'2023-12-08 04:00:59','2023-12-08 04:01:16'),(92,'Tôn trọng cấp trên, sẵn sàng tiếp nhận ý kiến \r\ntrên tình thần xây dựng, hợp tác.',19,0,'2023-12-11 04:33:32','2023-12-11 04:33:32'),(93,'Hỗ trợ và giúp đỡ đồng nghiệp khi được yêu cầu \r\ncủa tổ nhóm',19,0,'2023-12-11 04:33:48','2023-12-11 04:33:48'),(94,'Hòa đồng & hợp tác vui vẻ cùng các đồng \r\nnghiệp, các phòng ban',19,0,'2023-12-11 04:34:04','2023-12-11 04:34:04'),(95,'Sẵn sàng làm các nhiệm vụ khác khi được cấp \r\ntrên đề xuất',19,0,'2023-12-11 04:34:18','2023-12-11 04:34:18'),(96,'Lắng nghe, chia sẻ,…',19,0,'2023-12-11 04:34:37','2023-12-11 04:34:37'),(97,'Không tiết lộ thông tin sàn xuất kinh doanh của \r\ncông ty đối với bất kỳ khách hàng nào, kể cả \r\nngười thân hay bạn bè.',19,1,'2023-12-11 04:34:53','2023-12-11 04:34:53'),(98,'Không tiết lộ những thông tin, số liệu, sản phẩm, \r\ntình hình tài chính của công ty.',19,1,'2023-12-11 04:35:08','2023-12-11 04:36:49'),(99,'Không tự ý trao đổi các thông tin đơn hàng với \r\nkhách hàng (tất cả phải thông qua cấp quản lý).',19,1,'2023-12-11 04:35:34','2023-12-11 04:37:07'),(100,'Phải có thái độ làm việc nghiêm túc với khách \r\nhàng, giữ vững quan điểm để tránh thiệt hại đến \r\nCông ty.',19,1,'2023-12-11 04:35:59','2023-12-11 04:35:59'),(101,'BP.KD: tiếp nhận thông tin, truyền tài thông tin\r\n-	 BP. HC-NS: tiếp nhận thông tin, bàn giao hồ sơ giấy tờ\r\n-	BP.KT-SX: Hỗ trợ, tương tác truyền đạt thông tin khi cần thiết\r\n-	BP. Marketing: Tham gia công tác hỗ trợ và thực hiện khi được giao nhiệm vụ\r\n-	BOD: nhận chỉ thị và nghiêm túc chấp hành',29,0,'2023-12-11 10:27:51','2023-12-11 10:28:25'),(102,'Tiếp nhận và báo cáo trực tiếp đến cấp trên\r\nƯu tiên xử lý và thực hiện\r\n-	\r\nGiữ bảo mật và làm việc đúng quy trình\r\n-	\r\nBảo mật thông tin, hỗ trợ khi có nhu cầu\r\n-	\r\nTích cực tham gia xây dựng và hỗ trợ\r\n\r\nGiữ bảo mật thông tin, tôn trọng, trung thực, làm việc có trách nhiệm',29,1,'2023-12-11 10:28:53','2023-12-11 10:28:53'),(103,'Ban giám đốc: Tư vấn TC-KT, pháp lý',7,0,'2023-12-12 01:47:54','2023-12-12 01:47:54'),(104,'Phòng ban: Quy trình, nghiệp vụ, pháp lý',7,0,'2023-12-12 01:48:06','2023-12-12 01:48:06'),(105,'Ngân hàng: Tín dụng, sản phẩm tài chính',7,1,'2023-12-12 01:48:26','2023-12-12 01:48:26'),(106,'DV Kế toán: Thuế, pháp lý',7,1,'2023-12-12 01:48:47','2023-12-12 01:48:47'),(107,'Tôn trọng cấp trên, sẵn sàng tiếp nhận ý kiến\r\ntrên tình thần xây dựng, hợp tác.',54,0,'2024-01-04 08:25:28','2024-01-04 08:25:28'),(108,'Hỗ trợ và giúp đỡ đồng nghiệp khi được yêu cầu\r\ncủa tổ nhóm.',54,0,'2024-01-04 08:25:44','2024-01-04 08:25:44'),(109,'Hòa đồng & hợp tác vui vẻ cùng các đồng\r\nnghiệp, các phòng ban.',54,0,'2024-01-04 08:26:12','2024-01-04 08:26:12'),(110,'Sẵn sàng làm các nhiệm vụ khác khi được cấp\r\ntrên đề xuất.',54,0,'2024-01-04 08:26:26','2024-01-04 08:26:26'),(111,'Lắng nghe, chia sẻ,...',54,0,'2024-01-04 08:26:41','2024-01-04 08:26:41'),(112,'Không tiết lộ thông tin sàn xuất kinh doanh của\r\ncông ty đối với bất kỳ khách hàng nào, kể cả\r\nngười thân hay bạn bè.',54,1,'2024-01-04 08:27:08','2024-01-04 08:27:08'),(113,'Không tiết lộ những thông tin, số liệu, sản phẩm,\r\ntình hình tài chính của công ty.',54,1,'2024-01-04 08:27:28','2024-01-04 08:27:28'),(114,'Không tự ý trao đổi các thông tin đơn hàng với\r\nkhách hàng (tất cả phải thông qua cấp quản lý).',54,1,'2024-01-04 08:27:47','2024-01-04 08:27:47'),(115,'Phải có thái độ làm việc nghiêm túc với khách\r\nhàng, giữ vững quan điểm để tránh thiệt hại đến\r\nCông ty.',54,1,'2024-01-04 08:28:05','2024-01-04 08:28:05'),(116,'Tôn trọng cấp trên, sẵn sàng tiếp nhận ý kiến\r\ntrên tình thần xây dựng, hợp tác.',57,0,'2024-01-04 08:55:46','2024-01-04 08:55:46'),(117,'Hỗ trợ và giúp đỡ cấp dưới.',57,0,'2024-01-04 08:58:58','2024-01-04 08:58:58'),(118,'Hòa đồng và hợp tác vui vẻ cùng các  đồng nghiệp, các phòng ban.',57,0,'2024-01-04 08:59:15','2024-01-04 08:59:15'),(119,'Lắng nghe, chia sẻ,…',57,0,'2024-01-04 09:00:09','2024-01-04 09:00:09'),(120,'Giữ mối quan hệ khách hàng tốt.',57,1,'2024-01-04 09:00:32','2024-01-04 09:00:47'),(121,'Chăm sóc và thăm dò ý kiến khách hàng thường xuyên để có những điều chỉnh kịp thời.',57,1,'2024-01-04 09:00:58','2024-01-04 09:01:29'),(122,'Không tiết lộ thông tin sàn xuất kinh doanh của công ty đối với bất kỳ khách hàng nào.',57,1,'2024-01-04 09:01:21','2024-01-04 09:01:21'),(123,'Kiềm chế để không gây bất lợi cho Công ty khi gặp sự cố.',57,0,'2024-01-04 09:01:44','2024-01-04 09:01:44'),(124,'Tôn trọng cấp trên, sẵn sàng tiếp nhận ý kiến trên tình thần xây dựng, hợp tác.',60,0,'2024-01-04 09:12:17','2024-01-04 09:12:17'),(125,'Hỗ trợ và giúp đỡ đồng nghiệp khi được yêu cầu của tổ nhóm.',60,0,'2024-01-04 09:12:30','2024-01-04 09:12:30'),(126,'Hòa đồng & hợp tác vui vẻ cùng các đồng nghiệp, các phòng ban.',60,0,'2024-01-04 09:12:43','2024-01-04 09:12:43'),(127,'Sẵn sàng làm các nhiệm vụ khác khi được cấp trên đề xuất.',60,0,'2024-01-04 09:12:59','2024-01-04 09:12:59'),(128,'Lắng nghe, chia sẻ,…',60,0,'2024-01-04 09:13:13','2024-01-04 09:13:13'),(129,'Không tiết lộ thông tin sàn xuất kinh doanh của công ty đối với bất kỳ khách hàng nào, kể cả người thân hay bạn bè.',60,1,'2024-01-04 09:13:40','2024-01-04 09:13:40'),(130,'Không tiết lộ những thông tin, số liệu, sản phẩm, tình hình tài chính của công ty.',60,1,'2024-01-04 09:13:57','2024-01-04 09:14:41'),(131,'Không tự ý trao đổi các thông tin đơn hàng với khách hàng (tất cả phải thông qua cấp quản lý).',60,1,'2024-01-04 09:14:16','2024-01-04 09:14:49'),(132,'Phải có thái độ làm việc nghiêm túc với khách hàng, giữ vững quan điểm để tránh thiệt hại đến Công ty.',60,1,'2024-01-04 09:14:34','2024-01-04 09:14:34'),(133,'Tôn trọng cấp trên, sẵn sàng tiếp nhận ý kiến trên tình thần xây dựng, hợp tác.',52,0,'2024-01-04 10:16:39','2024-01-04 10:16:39'),(134,'Hỗ trợ và giúp đỡ đồng nghiệp khi được yêu cầu của tổ nhóm.',52,0,'2024-01-04 10:16:56','2024-01-04 10:16:56'),(135,'Hòa đồng & hợp tác vui vẻ cùng các đồng nghiệp, các phòng ban.',52,0,'2024-01-04 10:17:10','2024-01-04 10:17:10'),(136,'Sẵn sàng làm các nhiệm vụ khác khi được cấp trên đề xuất.',52,0,'2024-01-04 10:17:24','2024-01-04 10:17:24'),(137,'Lắng nghe, chia sẻ,…',52,0,'2024-01-04 10:17:37','2024-01-04 10:17:37'),(138,'Không tiết lộ thông tin sàn xuất kinh doanh của công ty đối với bất kỳ khách hàng nào, kể cả người thân hay bạn bè.',52,1,'2024-01-04 10:17:56','2024-01-04 10:18:10'),(139,'Không tiết lộ những thông tin, số liệu, sản phẩm, tình hình tài chính của công ty.',52,1,'2024-01-04 10:18:22','2024-01-04 10:18:22'),(140,'-	Không tiết lộ thông tin sàn xuất kinh doanh của công ty đối với bất kỳ khách hàng nào, kể cả người thân hay bạn bè.\r\n-	Không tiết lộ những thông tin về bản vẽ, bản thiết kế được công ty giao nhiệm vụ.\r\n-	Không tự ý trao đổi các thông tin đơn hàng với khách hàng (tất cả phải thông qua cấp quản lý).\r\n-	Phải có thái độ làm việc nghiêm túc với khách hàng, giữ vững quan điểm để tránh thiệt hại đến Công ty.',58,1,'2024-01-05 07:43:18','2024-01-05 07:44:21'),(141,'-	Tôn trọng cấp trên, sẵn sàng tiếp nhận ý kiến trên tình thần xây dựng, hợp tác.\r\n-	Hỗ trợ và giúp đỡ đồng nghiệp khi được yêu cầu của tổ nhóm.\r\n-	Hòa đồng & hợp tác vui vẻ cùng các đồng nghiệp, các phòng ban.\r\n-	Sẵn sàng làm các nhiệm vụ khác khi được cấp trên đề xuất.\r\n-	Lắng nghe, chia sẻ,…',58,0,'2024-01-05 07:45:01','2024-01-05 07:45:01');
/*!40000 ALTER TABLE `quan_he_trong_cong_viec` ENABLE KEYS */;
UNLOCK TABLES;

--
-- Table structure for table `request_storings`
--

DROP TABLE IF EXISTS `request_storings`;
/*!40101 SET @saved_cs_client     = @@character_set_client */;
/*!50503 SET character_set_client = utf8mb4 */;
CREATE TABLE `request_storings` (
  `id` bigint unsigned NOT NULL AUTO_INCREMENT,
  `method` varchar(191) CHARACTER SET utf8mb4 COLLATE utf8mb4_unicode_ci NOT NULL,
  `action` text CHARACTER SET utf8mb4 COLLATE utf8mb4_unicode_ci NOT NULL,
  `header` text CHARACTER SET utf8mb4 COLLATE utf8mb4_unicode_ci NOT NULL,
  `body` text CHARACTER SET utf8mb4 COLLATE utf8mb4_unicode_ci NOT NULL,
  `created_at` timestamp NULL DEFAULT NULL,
  `updated_at` timestamp NULL DEFAULT NULL,
  PRIMARY KEY (`id`)
) ENGINE=InnoDB DEFAULT CHARSET=utf8mb4 COLLATE=utf8mb4_unicode_ci;
/*!40101 SET character_set_client = @saved_cs_client */;

--
-- Dumping data for table `request_storings`
--

LOCK TABLES `request_storings` WRITE;
/*!40000 ALTER TABLE `request_storings` DISABLE KEYS */;
/*!40000 ALTER TABLE `request_storings` ENABLE KEYS */;
UNLOCK TABLES;

--
-- Table structure for table `role_has_permissions`
--

DROP TABLE IF EXISTS `role_has_permissions`;
/*!40101 SET @saved_cs_client     = @@character_set_client */;
/*!50503 SET character_set_client = utf8mb4 */;
CREATE TABLE `role_has_permissions` (
  `permission_id` bigint unsigned NOT NULL,
  `role_id` bigint unsigned NOT NULL,
  PRIMARY KEY (`permission_id`,`role_id`),
  KEY `role_has_permissions_role_id_foreign` (`role_id`),
  CONSTRAINT `role_has_permissions_permission_id_foreign` FOREIGN KEY (`permission_id`) REFERENCES `permissions` (`id`) ON DELETE CASCADE,
  CONSTRAINT `role_has_permissions_role_id_foreign` FOREIGN KEY (`role_id`) REFERENCES `roles` (`id`) ON DELETE CASCADE
) ENGINE=InnoDB DEFAULT CHARSET=utf8mb4 COLLATE=utf8mb4_unicode_ci;
/*!40101 SET character_set_client = @saved_cs_client */;

--
-- Dumping data for table `role_has_permissions`
--

LOCK TABLES `role_has_permissions` WRITE;
/*!40000 ALTER TABLE `role_has_permissions` DISABLE KEYS */;
INSERT INTO `role_has_permissions` VALUES (3,2),(4,2),(5,2),(6,2),(7,2),(8,2),(9,2),(10,2),(11,2),(12,2),(13,2),(14,2),(15,2),(16,2),(17,2),(18,2),(19,2),(20,2),(21,2),(22,2),(23,2),(24,2),(25,2),(26,2),(27,2),(28,2),(29,2),(30,2),(42,2),(43,2),(44,2),(45,2),(46,2),(47,2),(48,2),(49,2),(50,2),(51,2),(52,2),(53,2),(54,2),(55,2),(56,2),(57,2),(58,2),(59,2),(60,2),(61,2),(62,2),(63,2),(64,2),(65,2),(66,2),(67,2),(68,2),(69,2),(70,2),(71,2),(72,2),(73,2),(74,2),(75,2),(76,2),(77,2),(78,2),(79,2),(80,2),(81,2),(82,2),(83,2),(84,2),(85,2),(86,2),(87,2),(88,2),(89,2),(8,3),(11,3),(19,3),(20,3),(21,3),(22,3),(43,3),(44,3),(11,4),(19,4),(46,4),(54,4),(3,5),(11,5),(9,7),(11,7),(15,7),(19,7),(23,7),(24,7),(25,7),(28,7),(29,7),(42,7),(43,7),(44,7),(46,7),(47,7),(48,7),(50,7),(51,7),(52,7),(54,7),(56,7),(3,8),(9,8),(11,8),(12,8),(13,8),(19,8),(20,8),(42,8),(43,8),(44,8),(46,8),(47,8),(48,8),(49,8),(50,8),(51,8),(52,8),(53,8),(54,8),(56,8),(66,8),(70,8),(74,8),(78,8),(82,8),(86,8),(27,9),(28,9),(29,9),(30,9);
/*!40000 ALTER TABLE `role_has_permissions` ENABLE KEYS */;
UNLOCK TABLES;

--
-- Table structure for table `roles`
--

DROP TABLE IF EXISTS `roles`;
/*!40101 SET @saved_cs_client     = @@character_set_client */;
/*!50503 SET character_set_client = utf8mb4 */;
CREATE TABLE `roles` (
  `id` bigint unsigned NOT NULL AUTO_INCREMENT,
  `name` varchar(191) CHARACTER SET utf8mb4 COLLATE utf8mb4_unicode_ci NOT NULL,
  `guard_name` varchar(191) CHARACTER SET utf8mb4 COLLATE utf8mb4_unicode_ci NOT NULL,
  `created_at` timestamp NULL DEFAULT NULL,
  `updated_at` timestamp NULL DEFAULT NULL,
  `label` text CHARACTER SET utf8mb4 COLLATE utf8mb4_unicode_ci NOT NULL,
  PRIMARY KEY (`id`),
  UNIQUE KEY `roles_name_guard_name_unique` (`name`,`guard_name`)
) ENGINE=InnoDB AUTO_INCREMENT=10 DEFAULT CHARSET=utf8mb4 COLLATE=utf8mb4_unicode_ci;
/*!40101 SET character_set_client = @saved_cs_client */;

--
-- Dumping data for table `roles`
--

LOCK TABLES `roles` WRITE;
/*!40000 ALTER TABLE `roles` DISABLE KEYS */;
INSERT INTO `roles` VALUES (2,'admin','web','2022-03-21 18:14:15','2022-03-25 13:33:54','Quản trị viên'),(3,'manager','web','2022-03-21 18:16:11','2022-03-21 18:16:11',''),(4,'manager_team_sale','web','2022-03-21 18:16:20','2022-08-30 07:23:50','manager_team_sale'),(5,'user','web','2022-03-21 18:16:29','2022-03-21 18:16:29',''),(6,'khach','web','2022-03-25 13:33:10','2022-03-25 13:33:10','khách'),(7,'BOD','web','2022-08-30 07:24:25','2022-08-30 07:24:25','BOD'),(8,'operation','web','2022-08-31 10:14:11','2022-08-31 10:14:11','operation'),(9,'mo_ta_cong_viec','web','2023-09-12 09:22:49','2023-09-12 09:22:49','Mô tả công việc');
/*!40000 ALTER TABLE `roles` ENABLE KEYS */;
UNLOCK TABLES;

--
-- Table structure for table `sessions`
--

DROP TABLE IF EXISTS `sessions`;
/*!40101 SET @saved_cs_client     = @@character_set_client */;
/*!50503 SET character_set_client = utf8mb4 */;
CREATE TABLE `sessions` (
  `id` varchar(191) CHARACTER SET utf8mb4 COLLATE utf8mb4_unicode_ci NOT NULL,
  `user_id` bigint unsigned DEFAULT NULL,
  `ip_address` varchar(45) CHARACTER SET utf8mb4 COLLATE utf8mb4_unicode_ci DEFAULT NULL,
  `user_agent` text CHARACTER SET utf8mb4 COLLATE utf8mb4_unicode_ci,
  `payload` text CHARACTER SET utf8mb4 COLLATE utf8mb4_unicode_ci NOT NULL,
  `last_activity` int NOT NULL,
  PRIMARY KEY (`id`),
  KEY `sessions_user_id_index` (`user_id`),
  KEY `sessions_last_activity_index` (`last_activity`)
) ENGINE=InnoDB DEFAULT CHARSET=utf8mb4 COLLATE=utf8mb4_unicode_ci;
/*!40101 SET character_set_client = @saved_cs_client */;

--
-- Dumping data for table `sessions`
--

LOCK TABLES `sessions` WRITE;
/*!40000 ALTER TABLE `sessions` DISABLE KEYS */;
INSERT INTO `sessions` VALUES ('9C2aU8R8cZ55GW3wG9OuDXLabfWg01zTcZRugZTj',NULL,'3.254.51.40','Mozilla/4.0 (compatible; Netcraft Web Server Survey)','YTozOntzOjY6Il90b2tlbiI7czo0MDoiVk5VTFRRR29BV3lUb1IwR1R3YkhTdVJzZ1Y5OUxCY0ZCZEEzWGdCSiI7czozOiJ1cmwiO2E6MTp7czo4OiJpbnRlbmRlZCI7czozMjoiaHR0cHM6Ly93d3cubmV0Y3JhZnQuY29tL3N1cnZleS8iO31zOjY6Il9mbGFzaCI7YToyOntzOjM6Im9sZCI7YTowOnt9czozOiJuZXciO2E6MDp7fX19',1709179112),('eEkk0IOBu3Sue3LttKgymvo0dfL5qzDVz1LunYGc',103,'27.74.242.169','Mozilla/5.0 (Windows NT 10.0; Win64; x64) AppleWebKit/537.36 (KHTML, like Gecko) Chrome/122.0.0.0 Safari/537.36','YTo3OntzOjY6Il90b2tlbiI7czo0MDoiVUt1a2ExNXdoOEk0RkZFczN4QXZnRlVPSjJGZERFNmwxZ3d5V3Q5NiI7czozOiJ1cmwiO2E6MDp7fXM6OToiX3ByZXZpb3VzIjthOjE6e3M6MzoidXJsIjtzOjM3OiJodHRwczovL3RvLWNodWMuM2RzLnZuL2Zyb250LXZpLXRyaS84Ijt9czo2OiJfZmxhc2giO2E6Mjp7czozOiJvbGQiO2E6MDp7fXM6MzoibmV3IjthOjA6e319czo1MDoibG9naW5fd2ViXzU5YmEzNmFkZGMyYjJmOTQwMTU4MGYwMTRjN2Y1OGVhNGUzMDk4OWQiO2k6MTAzO3M6MTc6InBhc3N3b3JkX2hhc2hfd2ViIjtzOjYwOiIkMnkkMTAkdExwaHo3Ukh0Q085aFJZdEV1YzVjZVBlTERWMHFBLk8vYmhjaUpDYURDdDJkNnZMbzRVRjYiO3M6MjE6InBhc3N3b3JkX2hhc2hfc2FuY3R1bSI7czo2MDoiJDJ5JDEwJHRMcGh6N1JIdENPOWhSWXRFdWM1Y2VQZUxEVjBxQS5PL2JoY2lKQ2FEQ3QyZDZ2TG80VUY2Ijt9',1709266269),('fnslbk5ZGKNUySiiVgpWa5XQ0YcL2GmKc7MMpo25',NULL,'103.131.71.143','Mozilla/5.0 (compatible; coccocbot-web/1.0; +http://help.coccoc.com/searchengine)','YTozOntzOjY6Il90b2tlbiI7czo0MDoiM0Q1Q3NJZjBFMTkxSThiSG9yYURnYWhTVGxXZms3NlB3TEtxYjdyVyI7czo5OiJfcHJldmlvdXMiO2E6MTp7czozOiJ1cmwiO3M6Mjc6Imh0dHA6Ly90by1jaHVjLjNkcy52bi9sb2dpbiI7fXM6NjoiX2ZsYXNoIjthOjI6e3M6Mzoib2xkIjthOjA6e31zOjM6Im5ldyI7YTowOnt9fX0=',1709141950),('lzNu3vDBm1cUWSCdnf77Drlbw2toR82o01aHlBeu',NULL,'103.131.71.88','Mozilla/5.0 (compatible; coccocbot-web/1.0; +http://help.coccoc.com/searchengine)','YTo0OntzOjY6Il90b2tlbiI7czo0MDoiZktIRkQ0MWxuZjM2MHRReGVKa0t4U0V4c0NoR1ZVd3RJRXFVNEZjYSI7czozOiJ1cmwiO2E6MTp7czo4OiJpbnRlbmRlZCI7czoyMToiaHR0cDovL3RvLWNodWMuM2RzLnZuIjt9czo5OiJfcHJldmlvdXMiO2E6MTp7czozOiJ1cmwiO3M6Mjc6Imh0dHA6Ly90by1jaHVjLjNkcy52bi9sb2dpbiI7fXM6NjoiX2ZsYXNoIjthOjI6e3M6Mzoib2xkIjthOjA6e31zOjM6Im5ldyI7YTowOnt9fX0=',1709107937),('Umv0iJo4pT8jVhZ0iSFLZiPTIugDcWh9fDKM5xeu',NULL,'104.164.173.155','Mozilla/5.0 (Windows NT 10.0; Win64; x64) AppleWebKit/537.36 (KHTML, like Gecko) Chrome/116.0.0.0 Safari/537.36','YTo0OntzOjY6Il90b2tlbiI7czo0MDoib1JhQmFFUTNVWThJc0tPVDI4SkRnMEhkN3FVcGZobnlPa0dCd3lkdCI7czozOiJ1cmwiO2E6MTp7czo4OiJpbnRlbmRlZCI7czoyMToiaHR0cDovL3RvLWNodWMuM2RzLnZuIjt9czo5OiJfcHJldmlvdXMiO2E6MTp7czozOiJ1cmwiO3M6MjE6Imh0dHA6Ly90by1jaHVjLjNkcy52biI7fXM6NjoiX2ZsYXNoIjthOjI6e3M6Mzoib2xkIjthOjA6e31zOjM6Im5ldyI7YTowOnt9fX0=',1709203383),('uRvrmyAgBH50il96mm1b4OUlxENfCv9VwYL7GJ1T',103,'27.74.242.169','Mozilla/5.0 (Windows NT 10.0; Win64; x64) AppleWebKit/537.36 (KHTML, like Gecko) Chrome/122.0.0.0 Safari/537.36','YTo3OntzOjY6Il90b2tlbiI7czo0MDoiY2tCcTJMR3l1SXZkaHUwM0NEWEd1Nlg4MlNrcDE5bk9PcUhVa3N2SiI7czozOiJ1cmwiO2E6MDp7fXM6OToiX3ByZXZpb3VzIjthOjE6e3M6MzoidXJsIjtzOjM4OiJodHRwczovL3RvLWNodWMuM2RzLnZuL2Zyb250LXZpLXRyaS8xOSI7fXM6NjoiX2ZsYXNoIjthOjI6e3M6Mzoib2xkIjthOjA6e31zOjM6Im5ldyI7YTowOnt9fXM6NTA6ImxvZ2luX3dlYl81OWJhMzZhZGRjMmIyZjk0MDE1ODBmMDE0YzdmNThlYTRlMzA5ODlkIjtpOjEwMztzOjE3OiJwYXNzd29yZF9oYXNoX3dlYiI7czo2MDoiJDJ5JDEwJHRMcGh6N1JIdENPOWhSWXRFdWM1Y2VQZUxEVjBxQS5PL2JoY2lKQ2FEQ3QyZDZ2TG80VUY2IjtzOjIxOiJwYXNzd29yZF9oYXNoX3NhbmN0dW0iO3M6NjA6IiQyeSQxMCR0THBoejdSSHRDTzloUll0RXVjNWNlUGVMRFYwcUEuTy9iaGNpSkNhREN0MmQ2dkxvNFVGNiI7fQ==',1709195276),('WjLUMRNQSxYXnObqotW1mgd7WaPzXn1fQyd8rs93',103,'27.74.242.169','Mozilla/5.0 (Windows NT 10.0; Win64; x64) AppleWebKit/537.36 (KHTML, like Gecko) Chrome/122.0.0.0 Safari/537.36','YTo3OntzOjY6Il90b2tlbiI7czo0MDoiNUJCUHRkNDlMTVRxZ3BOWEdVNmVzQVVGdHhEdFRNTnBoNVpDRUhEMSI7czozOiJ1cmwiO2E6MDp7fXM6OToiX3ByZXZpb3VzIjthOjE6e3M6MzoidXJsIjtzOjIyOiJodHRwczovL3RvLWNodWMuM2RzLnZuIjt9czo2OiJfZmxhc2giO2E6Mjp7czozOiJvbGQiO2E6MDp7fXM6MzoibmV3IjthOjA6e319czo1MDoibG9naW5fd2ViXzU5YmEzNmFkZGMyYjJmOTQwMTU4MGYwMTRjN2Y1OGVhNGUzMDk4OWQiO2k6MTAzO3M6MTc6InBhc3N3b3JkX2hhc2hfd2ViIjtzOjYwOiIkMnkkMTAkdExwaHo3Ukh0Q085aFJZdEV1YzVjZVBlTERWMHFBLk8vYmhjaUpDYURDdDJkNnZMbzRVRjYiO3M6MjE6InBhc3N3b3JkX2hhc2hfc2FuY3R1bSI7czo2MDoiJDJ5JDEwJHRMcGh6N1JIdENPOWhSWXRFdWM1Y2VQZUxEVjBxQS5PL2JoY2lKQ2FEQ3QyZDZ2TG80VUY2Ijt9',1709264684);
/*!40000 ALTER TABLE `sessions` ENABLE KEYS */;
UNLOCK TABLES;

--
-- Table structure for table `tieu_chuan_tuyen_chon`
--

DROP TABLE IF EXISTS `tieu_chuan_tuyen_chon`;
/*!40101 SET @saved_cs_client     = @@character_set_client */;
/*!50503 SET character_set_client = utf8mb4 */;
CREATE TABLE `tieu_chuan_tuyen_chon` (
  `id` int unsigned NOT NULL AUTO_INCREMENT,
  `id_vi_tri` int unsigned NOT NULL,
  `gioi_tinh` tinyint(1) NOT NULL DEFAULT '1',
  `tuoi` text CHARACTER SET utf8mb4 COLLATE utf8mb4_unicode_ci NOT NULL,
  `hoc_van` text CHARACTER SET utf8mb4 COLLATE utf8mb4_unicode_ci NOT NULL,
  `chuyen_mon` text CHARACTER SET utf8mb4 COLLATE utf8mb4_unicode_ci NOT NULL,
  `vi_tinh` text CHARACTER SET utf8mb4 COLLATE utf8mb4_unicode_ci NOT NULL,
  `anh_ngu` text CHARACTER SET utf8mb4 COLLATE utf8mb4_unicode_ci NOT NULL,
  `kinh_nghiem` text CHARACTER SET utf8mb4 COLLATE utf8mb4_unicode_ci NOT NULL,
  `ky_nang` text CHARACTER SET utf8mb4 COLLATE utf8mb4_unicode_ci NOT NULL,
  `to_chat` text CHARACTER SET utf8mb4 COLLATE utf8mb4_unicode_ci NOT NULL,
  `ngoai_hinh` text CHARACTER SET utf8mb4 COLLATE utf8mb4_unicode_ci NOT NULL,
  `suc_khoe` text CHARACTER SET utf8mb4 COLLATE utf8mb4_unicode_ci NOT NULL,
  `ho_khau` text CHARACTER SET utf8mb4 COLLATE utf8mb4_unicode_ci NOT NULL,
  `uu_tien` text CHARACTER SET utf8mb4 COLLATE utf8mb4_unicode_ci NOT NULL,
  `created_at` timestamp NULL DEFAULT NULL,
  `updated_at` timestamp NULL DEFAULT NULL,
  `khac` text COLLATE utf8mb4_unicode_ci,
  PRIMARY KEY (`id`),
  KEY `tieu_chuan_tuyen_chon_id_vi_tri_foreign` (`id_vi_tri`),
  CONSTRAINT `tieu_chuan_tuyen_chon_id_vi_tri_foreign` FOREIGN KEY (`id_vi_tri`) REFERENCES `tochuc___vi_tri` (`id`)
) ENGINE=InnoDB AUTO_INCREMENT=11 DEFAULT CHARSET=utf8mb4 COLLATE=utf8mb4_unicode_ci;
/*!40101 SET character_set_client = @saved_cs_client */;

--
-- Dumping data for table `tieu_chuan_tuyen_chon`
--

LOCK TABLES `tieu_chuan_tuyen_chon` WRITE;
/*!40000 ALTER TABLE `tieu_chuan_tuyen_chon` DISABLE KEYS */;
INSERT INTO `tieu_chuan_tuyen_chon` VALUES (3,33,1,'121','13 1','141','151','16 1','171','181','191','201','211','221','231','2023-09-07 09:23:47','2023-09-07 09:56:52',NULL),(4,17,1,'e','a','d','f','b','c','g','h','l','z','j','k','2023-09-11 10:22:52','2023-09-11 10:28:45',NULL),(5,10,0,'20-30','Yêu cầu học vấn','Yêu cầu chuyên môn','Yêu cầu tin học','Yêu cầu anh ngữ','Yêu cầu kinh nghiệm','Yêu cầu kỹ năng','Yêu cầu tố chất','Yêu cầu ngoại hình','Yêu cầu sức khỏe','Yêu cầu nơi ở','Ưu tiên cho trường hợp nào','2023-10-13 04:24:11','2023-10-13 04:24:11','Yêu cầu thêm'),(6,58,0,'Từ 20 – 40t','CĐ. Đại học, sau Đh','Marketing, tài chính Marketing, Truyền thông, Kỹ thuật or các ngành nghề liên quan,…','B','Ưu tiên Tiếng Anh giao tiếp','Từ 1 năm ở vị trí tương đương','1. Giao tiếp lưu loát\r\n2. Kỹ năng viết bài (content), đăng bài trên các mạng xã hội.\r\n3. Giỏi về truyền thông','Hợp tác, lắng nghe, chia sẻ.','Khá','Tốt','HCM','Gần công ty','2024-01-05 09:04:37','2024-01-05 09:04:37',NULL),(7,8,0,'30t- 45t','Cao đẳng trở lên','Quản trị nguồn nhân lực','B','Giao tiếp','3 năm trở lên vị trí tương đương','1.	Cẩn thận, chính xác, xử lý tình huống bình tĩnh trong mọi hoàn cảnh.\r\n2.	Kỹ năng giao tiếp thuyết phục, đàm phán, thương lượng.\r\n3.	Vi tính văn phòng','Hợp tác, lắng nghe, chia sẻ.','Khá','Tốt','HCM, Bình Dương, Đồng Nai','HCM','2024-01-29 09:35:32','2024-01-29 09:35:32',NULL),(8,39,0,'22t-35t','Cao đẳng trở lên','Văn thư lưu trữ, nhà hàng- khách sạn, quản trị kinh doanh','B','Giao tiếp','6 tháng trở lên vị trí tương đương','Giao tiếp tốt, hoạt ngôn, CSKH','Giọng nói truyền cảm, năng động, vui vẻ, Hợp tác, lắng nghe, chia sẻ.','Khá','Tốt','HCM, Bình Dương, Đồng Nai','HCM','2024-01-29 10:26:47','2024-01-29 10:26:47',NULL),(9,22,0,'23-35t','Cao đẳng trở lên','Thiết kế công nghiệp, thiết kế cơ khí, thiết kế đồ họa, Mỹ thuật','B','Không yêu cầu','Từ 1 năm ở vị trí tương đương','1.	Cẩn thận, chính xác từng chi tiết trong từng hạng mục công việc.\r\n2.	Có kinh nghiệm sử dụng các ứng dụng: Solidworks, Creo, Rhino,... \r\n3.	Có năng khiếu về thẩm mỹ cao.','Hợp tác, lắng nghe, chia sẻ.','Bình thường','Tốt','HCM, ĐN, BD','Giao tiếp tiếng Anh','2024-01-30 04:43:08','2024-01-30 04:43:08',NULL),(10,32,0,'Từ 20 – 40t','Cao đẳng trở lên','Cơ khí chế tạo, Điện công nghiệp…)','B','Giao tiếp lưu loát','1 năm trở lên','1.	Cẩn thận, chính xác từng chi tiết trong từng hạng mục công việc.\r\n2.	Có kinh nghiệm sử dụng các ứng dụng: các phần mềm quản lý doanh nghiệp (CRM),... \r\n3.	Có kỹ năng làm việc độc lập, và teamwork.\r\n4.	Giao tiếp lưu loát, biết cách xử lý tình huống','Hợp tác, lắng nghe, chia sẻ.','Bình thường','Tốt','HCM, ĐN, BD','HCM, kinh nghiệm cùng ngành','2024-02-03 07:23:25','2024-02-03 07:23:25',NULL);
/*!40000 ALTER TABLE `tieu_chuan_tuyen_chon` ENABLE KEYS */;
UNLOCK TABLES;

--
-- Table structure for table `tochuc___mo_ta_nhiem_vu`
--

DROP TABLE IF EXISTS `tochuc___mo_ta_nhiem_vu`;
/*!40101 SET @saved_cs_client     = @@character_set_client */;
/*!50503 SET character_set_client = utf8mb4 */;
CREATE TABLE `tochuc___mo_ta_nhiem_vu` (
  `id` int unsigned NOT NULL AUTO_INCREMENT,
  `id_nhiem_vu` int unsigned NOT NULL,
  `chi_tiet` text CHARACTER SET utf8mb4 COLLATE utf8mb4_unicode_ci NOT NULL,
  `ket_qua` text CHARACTER SET utf8mb4 COLLATE utf8mb4_unicode_ci NOT NULL,
  `mo_ta` text CHARACTER SET utf8mb4 COLLATE utf8mb4_unicode_ci,
  `created_at` timestamp NULL DEFAULT NULL,
  `updated_at` timestamp NULL DEFAULT NULL,
  PRIMARY KEY (`id`),
  KEY `mo_ta_nhiem_vu_id_nhiem_vu_foreign` (`id_nhiem_vu`),
  CONSTRAINT `mo_ta_nhiem_vu_id_nhiem_vu_foreign` FOREIGN KEY (`id_nhiem_vu`) REFERENCES `tochuc___nhiem_vu` (`id`)
) ENGINE=InnoDB AUTO_INCREMENT=238 DEFAULT CHARSET=utf8mb4 COLLATE=utf8mb4_unicode_ci;
/*!40101 SET character_set_client = @saved_cs_client */;

--
-- Dumping data for table `tochuc___mo_ta_nhiem_vu`
--

LOCK TABLES `tochuc___mo_ta_nhiem_vu` WRITE;
/*!40000 ALTER TABLE `tochuc___mo_ta_nhiem_vu` DISABLE KEYS */;
INSERT INTO `tochuc___mo_ta_nhiem_vu` VALUES (6,8,'Tham gia xây dựng các hệ thống theo yêu cầu','Xây dựng được các trang hệ thống như: Hệ thống đặt lịch phòng họp, Hệ thống tính thưởng, Hệ thống thư viện ảnh, video 3DS (Gallery), Platform 3DS, Hệ thống quản lý sơ đồ tổ chức và mô tả công việc, v.v....','Xây dựng hệ thống mới','2023-09-12 09:36:44','2023-10-06 02:16:30'),(7,9,'Hỗ trợ tạo và hướng dẫn sử dụng các template email marketing','Hỗ trợ tạo các template email theo thiết kế phức tạp hoặc tạo các template đơn giản có thể tái sử dụng. Hướng dẫn nhân viên khác tạo hoặc sử dụng các template này','Hỗ trợ tạo các template email trên Getfly CRM','2023-09-12 09:44:01','2023-10-16 02:02:17'),(8,10,'Quản lý và bảo trì website 3DS','Nâng cấp thêm chức năng ở các trang web nội bộ như Drive,Etraining vv…','Nâng cấp thêm chức năng ở các trang web nội bộ như Drive,Etraining vv…','2023-09-12 09:44:40','2023-10-16 02:02:31'),(9,11,'Hỗ trợ setup máy quay phim các buổi đào tạo hoặc sự kiện theo yêu cầu của cấp trên','Hỗ trợ ghi hình hoặc hướng dẫn ghi hình các buổi do hãng hoặc nội bộ đào tạo khi có yêu cầu từ cấp trên.','Hỗ trợ hoặc tự quay tùy theo nội dung buổi đào tạo','2023-09-12 09:45:37','2023-10-06 03:04:54'),(10,12,'Hỗ trợ hiển thị bảng chào mừng đối tác','Trình chiếu bảng welcome các khách hàng của 3DS ở tivi lễ tân','Hỗ trợ hiển thị bảng chào mừng đối tác','2023-09-12 09:46:20','2023-10-16 02:03:49'),(11,13,'Hỗ trợ cài đặt loa thông báo','Cài đặt giờ vào làm, nghỉ trưa, chúc mừng sinh nhật đồng nghiệp, chúc mừng năng suất','Cài đặt theo yêu cầu của cấp trên','2023-09-12 09:46:56','2023-10-16 01:27:10'),(12,14,'Cài đặt và xử lý sự cố máy tính','Cài đặt máy cho nhân sự mới, hỗ trợ cài đặt các phần mềm chuyên dụng khi có yêu cầu. Xử lý các lỗi máy tính thường gặp. Đối với các máy hư hỏng nặng hoặc lỗi phần cứng sẽ chủ động đề xuất mang đến các dịch vụ chuyên nghiệp để xử lý.','Chỉ cài đặt các phần mềm trong danh sách cho phép','2023-09-12 09:47:35','2023-10-16 01:33:02'),(13,15,'Hỗ trợ tạo tài khoản mới trên hệ thống','Hỗ trợ tạo tài khoản trên các hệ thống của công ty (Domain 3DS, mail 3DS, GetflyCRM, Drive3DS, Website 3DS,...) khi có yêu cầu từ cấp trên hoặc HR','Website 3DS chỉ tạo khi có yêu cầu từ cấp trên','2023-09-12 09:48:25','2023-10-16 01:37:47'),(14,15,'Cập nhật và xóa các tài khoản khi có yêu cầu','Phân quyền, cập nhật thông tin tài khoản khi có yêu cầu từ cấp trên. Xóa tài khoản nhân sự nghỉ việc khi có yêu cầu từ cấp trên hoặc HR','Phân quyền, cập nhật thông tin tài khoản khi có yêu cầu từ cấp trên. Xóa tài khoản nhân sự nghỉ việc khi có yêu cầu từ cấp trên hoặc HR','2023-09-12 09:48:46','2023-10-16 01:46:57'),(15,16,'Quản lý các automation của Getfly CRM','Quản lý các automation có sẵn vào nghiên cứu tạo ra automation mới để phục vụ công việc trong công ty','Quản lý các automation có sẵn vào nghiên cứu tạo ra automation mới để phục vụ công việc trong công ty','2023-09-12 09:49:30','2023-10-16 01:59:34'),(27,25,'Thực hiện phác họa kiểu dáng sản phẩm phù hợp với công dụng và đảm bảo mỹ thuật.','Đầy đủ, chính xác và đúng thời hạn. Báo cáo hàng ngày với quản lý trực tiếp.','Mô tả nhiệm vụ','2023-09-19 04:03:38','2024-01-30 04:31:33'),(31,10,'Xây dựng các mục mới trên website 3DS','Xây dựng các mục mới trên Website theo thiết kế đã duyệt hoặc tự đề xuất thiết kế (landing page, form nhập, bài viết, v.v...)','Xây dựng theo thiết kế hoặc tự đề xuất','2023-10-06 02:22:22','2023-10-06 02:22:22'),(32,8,'Bảo trì và phát triển các tính năng mới trên hệ thống đã có','Bảo trì, sửa lỗi phát sinh và cập nhật các tính năng mới trên các hệ thống đã có như: Drive 3DS, Etraining, Serial, v.v...','Có thể tự đề xuất tính năng hoặc cập nhật theo yêu cầu','2023-10-06 02:24:08','2023-10-06 02:24:08'),(33,9,'Hỗ trợ cập nhật nội dung hoặc xóa các template cũ theo yêu cầu','Nội dung được cập nhật đúng theo yêu cầu','Nội dung được cập nhật đúng theo yêu cầu','2023-10-06 03:02:04','2023-10-06 03:02:04'),(35,30,'Lên kế hoạch kinh doanh','Theo đúng doanh thu đề ra','.','2023-10-13 04:17:31','2023-12-08 03:10:55'),(36,12,'Hỗ trợ hiển thị các sự kiện lên bảng LED khu vực văn phòng','Hỗ trợ hiển thị các sự kiện chúc mừng chốt đơn, sinh nhật, thưởng,v.v... lên bảng LED','Hỗ trợ hiển thị các sự kiện chúc mừng chốt đơn, sinh nhật, thưởng,v.v... lên bảng LED','2023-10-16 02:05:24','2023-10-16 02:05:24'),(39,33,'QC mẫu in & file scan trước khi bàn giao cho khách hàng hoặc bộ phận liên quan','Đảm bảo chất lượng tốt','Đảm bảo chất lượng tốt','2023-10-19 09:16:22','2023-10-19 09:16:22'),(41,32,'Hạn chế những thao tác thừa trong quy trình sản xuất','Tiết kiệm thời gian sản xuất','Tiết kiệm thời gian sản xuất','2023-10-19 09:21:35','2023-10-19 09:21:35'),(42,32,'Tối ưu khả năng của nhân sự team sản xuất','Tiết kiệm thời gian sản xuất','Tiết kiệm thời gian sản xuất','2023-10-19 09:22:07','2023-10-19 09:22:07'),(43,31,'Sắp xếp thứ tự ưu tiên các đơn hàng scan 3D, in 3D','Đúng deadline','Đúng deadline','2023-10-19 09:26:30','2023-10-19 09:26:30'),(44,31,'Phân công nhân sự phụ trách từng khâu cụ thể trong từng đơn hàng','Đạt chất lượng','Đạt chất lượng','2023-10-19 09:27:02','2023-10-19 09:27:02'),(45,31,'Đầu mối trao đổi với các bộ phận về các đơn hàng (về chất lượng, tiến độ, rủi ro, yêu cầu...)','Thông tin đủ & chính xác','Thông tin đủ & chính xác','2023-10-19 09:27:44','2023-10-19 09:27:44'),(46,32,'Phát hiện những lỗi/ rủi ro tiềm ẩn của máy móc thiết bị','Tìm giải pháp tối ưu, giảm vật liệu tiêu hao','Tìm giải pháp tối ưu, giảm vật liệu tiêu hao','2023-10-19 09:28:57','2023-10-19 09:28:57'),(47,34,'Nhận yêu cầu / thắc mắc từ khách hàng hoặc bộ phận liên quan','Giải quyết và giải đáp đúng & đủ thông tin','Giải quyết và giải đáp đúng & đủ thông tin','2023-10-19 09:30:33','2023-10-19 09:30:33'),(48,35,'Công cụ dụng cụ, vật liệu, thiết bị máy móc gọn gàng, sẵn sàng thao tác','Nơi làm việc sạch sẽ ngăn nắp','Nơi làm việc sạch sẽ ngăn nắp','2023-10-20 04:30:48','2023-10-20 04:30:48'),(49,35,'Nhân viên thực hành đúng quy trình 5S','Nhân viên có ý thức và chủ động 5S','Nhân viên có ý thức và chủ động 5S','2023-10-20 04:31:44','2023-10-20 04:31:44'),(50,36,'Đào tạo hội nhập, hướng dẫn thao tác & quy trình','Nhân viên hiểu 100% & thực hành tốt','Nhân viên hiểu 100% & thực hành tốt','2023-10-20 04:33:24','2023-10-20 04:33:24'),(51,37,'Đứng lớp giảng dạy các khóa học B2C phần in 3D & phần thực hành','Học viên hiểu và vận dụng tốt','Học viên hiểu và vận dụng tốt','2023-10-20 04:34:11','2023-10-20 04:34:11'),(52,37,'Đào tạo chuyển giao công nghệ B2B cho khách hàng thương mại mua máy in 3D/ quét 3D','Khách hàng hài lòng dịch vụ & nghiệm thu','Khách hàng hài lòng dịch vụ & nghiệm thu','2023-10-20 04:34:54','2023-10-20 04:34:54'),(53,40,'Đứng lớp giảng dạy các khóa học B2C phần quét 3D','Học viên hiểu và vận dụng tốt','Học viên hiểu và vận dụng tốt','2023-10-23 03:48:14','2023-10-23 03:48:14'),(54,40,'Đào tạo chuyển giao công nghệ B2B cho khách hàng thương mại mua máy quét 3D','Khách hàng hài lòng dịch vụ & nghiệm thu','Khách hàng hài lòng dịch vụ & nghiệm thu','2023-10-23 03:48:40','2023-10-23 03:48:40'),(55,38,'Quét 3D mẫu vật hoặc body người theo đơn hàng dịch vụ đã duyệt','Chất lượng file quét 3D phải đáp ứng nhu cầu khách hàng','Chất lượng file quét 3D phải đáp ứng nhu cầu khách hàng','2023-10-23 03:49:43','2023-10-23 03:49:43'),(56,38,'Hỗ trợ chỉnh sửa hậu kỳ file 3D','Đáp ứng đúng mục đích & yêu cầu từ khách hàng','Đáp ứng đúng mục đích & yêu cầu từ khách hàng','2023-10-23 03:50:14','2023-10-23 03:50:14'),(57,41,'Hỗ trợ khâu xử lý sau in (làm nguội) khi thiếu nhân sự hoặc nhiều đơn gấp','Tăng năng suất xử lý đơn hàng của team','Tăng năng suất xử lý đơn hàng của team','2023-10-23 03:51:15','2023-10-23 03:51:15'),(58,39,'Xuất báo cáo đo kiểm 2D - 3D theo đơn hàng dịch vụ hoặc theo nhu cầu khách hàng/ BP Kinh doanh','Đáp ứng đúng mục đích & yêu cầu từ khách hàng','Đáp ứng đúng mục đích & yêu cầu từ khách hàng','2023-10-23 03:52:04','2023-10-23 03:52:04'),(59,42,'Thực hiện các công đoạn xử lý mẫu sau in để ra thành phẩm (rửa, phơi, làm nguội...)','Mẫu đạt yêu cầu về bề mặt','Mẫu đạt yêu cầu về bề mặt','2023-10-23 04:24:20','2023-10-23 04:24:20'),(60,43,'Setup mẫu in trên các máy in công nghiệp, Formlabs, Cubicons','Tối ưu hóa thời gian in gộp các đơn & in thành công mẫu đúng tiến độ','Tối ưu hóa thời gian in gộp các đơn & in thành công mẫu đúng tiến độ','2023-10-23 04:29:32','2023-10-23 04:29:32'),(61,43,'Vận hành các máy in công nghiệp, Formlabs, Cubicon','Máy chạy ổn định, in mẫu thành công','Máy chạy ổn định, in mẫu thành công','2023-10-23 04:31:30','2023-10-23 04:31:30'),(62,44,'Đóng gói theo quy trình đã duyệt, ghi chú mã đơn hàng','Mẫu in giao cho khách không hư hỏng, không sót mẫu','Mẫu in giao cho khách không hư hỏng, không sót mẫu','2023-10-23 04:33:30','2023-10-23 04:33:30'),(63,45,'Thực hiện công tác bảo trì, bảo dưỡng hàng tuần các máy in công nghiệp, Fomlabs, Cubicon theo quy chuẩn của hãng','Tăng độ ổn định & tuổi thọ của máy, hạn chế lỗi khi vận hành','Tăng độ ổn định & tuổi thọ của máy, hạn chế lỗi khi vận hành','2023-10-23 04:35:34','2023-10-23 04:35:34'),(64,46,'Kiểm soát xuất - nhập - tồn của tất cả các CCDC của team Sản xuất, lưu trữ gọn gàng ngăn nắp','Đảm bảo không thất thoát, dễ tìm kiếm khi cần sử dụng','Đảm bảo không thất thoát, dễ tìm kiếm khi cần sử dụng','2023-10-23 04:37:55','2023-10-23 04:37:55'),(65,47,'Trực tiếp thực hiện các đơn hàng thiết kế ngược','Đảm bảo chất lượng (file step hoàn chỉnh) & tiến độ cam kết với BP Kinh doanh, khách hàng','Đảm bảo chất lượng (file step hoàn chỉnh) & tiến độ cam kết với BP Kinh doanh, khách hàng','2023-10-23 04:51:41','2023-10-23 04:51:41'),(66,47,'Hỗ trợ thực hiện các đơn hàng quét 3D','Chất lượng file quét 3D phải đáp ứng nhu cầu khách hàng','Chất lượng file quét 3D phải đáp ứng nhu cầu khách hàng','2023-10-23 04:52:16','2023-10-23 04:52:16'),(67,48,'Đào tạo chuyển giao công nghệ B2B cho khách hàng thương mại mua máy quét 3D và các phần mềm tương ứng','Khách hàng hài lòng dịch vụ & nghiệm thu','Khách hàng hài lòng dịch vụ & nghiệm thu','2023-10-23 04:52:58','2023-10-23 04:52:58'),(68,49,'Báo khối lượng NVL cho BP Kinh Doanh lên báo giá','Báo đúng khối lượng, thời gian thực hiện nhanh','Báo đúng khối lượng, thời gian thực hiện nhanh','2023-10-23 04:54:08','2023-10-23 04:54:08'),(69,49,'Hỗ trợ khâu xử lý sau in (làm nguội) khi thiếu nhân sự hoặc nhiều đơn gấp','Tăng năng suất xử lý đơn hàng của team','Tăng năng suất xử lý đơn hàng của team','2023-10-23 04:54:35','2023-10-23 04:54:35'),(70,49,'Vệ sinh máy in, sửa mẫu, bảo trì máy móc...','Tăng độ ổn định & tuổi thọ của máy, hạn chế lỗi khi vận hành','Tăng độ ổn định & tuổi thọ của máy, hạn chế lỗi khi vận hành','2023-10-23 04:55:47','2023-10-23 04:55:47'),(71,50,'Tận dụng khả năng ngoại ngữ làm đầu mối liên lạc trao đổi với Hãng hoặc khách nước ngoài trong các vấn đề kỹ thuật hoặc đơn hàng dịch vụ','Truyền đạt thông tin đúng, đủ & kịp thời','Truyền đạt thông tin đúng, đủ & kịp thời','2023-10-23 04:56:55','2023-10-23 04:56:55'),(72,51,'Ứng dụng công nghệ AI, phương pháp thiết kế tham số vào TKKD sáng tạo, độc bản','Ý tưởng sáng tạo, kích thích nhu cầu TKKD của khách hàng','Ý tưởng sáng tạo, kích thích nhu cầu TKKD của khách hàng','2023-10-23 06:17:05','2023-10-23 06:34:18'),(73,52,'Lên ý tưởng TKKD sản phẩm, thực hiện đơn hàng TKKD theo quy trình đã duyệt','Ý tưởng được khách hàng hài lòng & nghiệm thu, file hồ sơ đủ tiêu chuẩn sử dụng','Ý tưởng được khách hàng hài lòng & nghiệm thu, file hồ sơ đủ tiêu chuẩn sử dụng','2023-10-23 06:19:57','2023-10-23 06:19:57'),(74,52,'Quản lý tiến độ các đơn hàng TKKD','Đảm bảo tiến độ theo hợp đồng/ thỏa thuận đã cam kết với khách hàng','Đảm bảo tiến độ theo hợp đồng/ thỏa thuận đã cam kết với khách hàng','2023-10-23 06:20:32','2023-10-23 06:20:32'),(75,53,'Lên thiết kế graphic hỗ trợ một số hoạt động marketing của team và công ty (sự kiện, quảng bá thương hiệu...)','Thiết kế đẹp, đúng đủ thông tin, truyền tải hiệu quả thông điệp, đúng tiến độ','Thiết kế đẹp, đúng đủ thông tin, truyền tải hiệu quả thông điệp, đúng tiến độ','2023-10-23 06:22:31','2023-10-23 06:22:31'),(76,53,'Hỗ trợ tư vấn về thẩm mỹ các thiết kế graphic khi công ty đặt hàng thiết kế outsource','Đạt yêu cầu về thẩm mỹ, truyền tải thông tin các bên dễ hiểu & dễ hiệu chỉnh','Đạt yêu cầu về thẩm mỹ, truyền tải thông tin các bên dễ hiểu & dễ hiệu chỉnh','2023-10-23 06:24:02','2023-10-23 06:24:02'),(77,54,'Lên ý tưởng tối ưu hóa kết cấu trong các sản phẩm TKKD','Tối đa công năng, tối giảm vật liệu sản xuất','Tối đa công năng, tối giảm vật liệu sản xuất','2023-10-23 06:44:53','2023-10-23 06:44:53'),(78,54,'Hỗ trợ chung về ý tưởng thiết kế trong các đơn hàng dịch vụ TKKD','Phối hợp team chạy dự án đúng tiến độ, đạt yêu cầu của khách hàng, khách hài lòng và nghiệm thu','Phối hợp team chạy dự án đúng tiến độ, đạt yêu cầu của khách hàng, khách hài lòng và nghiệm thu','2023-10-23 06:46:33','2023-10-23 06:46:33'),(79,55,'Trực tiếp thực hiện một số đơn hàng thiết kế ngược hỗ trợ team khi thiếu nhân sự','File chất lượng tốt, khách hàng hài lòng & nghiệm thu','File chất lượng tốt, khách hàng hài lòng & nghiệm thu','2023-10-23 06:47:59','2023-10-23 06:47:59'),(80,56,'Đứng lớp giảng dạy các khóa học B2C phần Thiết kế ngược bằng phần mềm Geomagic Design X','Học viên hiểu và vận dụng tốt','Học viên hiểu và vận dụng tốt','2023-10-23 06:49:10','2023-10-23 06:49:10'),(81,58,'Tìm kiếm các đối tác tiềm năng, mở rộng kênh đại lý bán hàng, cải thiện doanh số các đơn hàng dịch vụ','Tăng doanh số, phát huy các cơ hội kinh doanh','Tăng doanh số, phát huy các cơ hội kinh doanh','2023-10-23 06:59:01','2023-10-23 06:59:01'),(82,58,'Nghiên cứu thị trường mới, khai thác nguồn khách hàng tiềm năng','Tăng doanh số và cơ hội kinh doanh','Tăng doanh số và cơ hội kinh doanh','2023-10-23 07:00:23','2023-10-23 07:00:23'),(83,59,'Chủ động thăm hỏi khách hàng, tìm hiểu nhu cầu tiềm ẩn, đón đầu cơ hội kinh doanh','Có nguồn doanh thu & đơn hàng ổn định hàng tháng','Có nguồn doanh thu & đơn hàng ổn định hàng tháng','2023-10-23 07:01:35','2023-10-23 07:01:35'),(84,60,'Truyền đạt đủ và chính xác yêu cầu của khách hàng cho BP Sản xuất nắm thông tin & thực hiện các đơn hàng dịch vụ','BP Sản xuất hiểu đủ và đúng yêu cầu của khách','BP Sản xuất hiểu đủ và đúng yêu cầu của khách','2023-10-23 07:05:36','2023-10-23 07:05:36'),(85,60,'Tư vấn các thông tin kỹ thuật cho khách hàng','Đảm bảo khách hiểu các thông số kỹ thuật và hợp tác','Đảm bảo khách hiểu các thông số kỹ thuật và hợp tác','2023-10-23 07:07:12','2023-10-23 07:07:57'),(86,61,'Thúc đẩy kinh doanh các đơn hàng lớn, theo dõi tiến độ dự án','Tăng vượt trội doanh số, khuếch trương thương hiệu','Tăng vượt trội doanh số, khuếch trương thương hiệu','2023-10-23 07:12:14','2023-10-23 07:12:14'),(87,61,'Tận dụng thương hiệu cá nhân, kết nối mối quan hệ & đơn hàng lớn - tiềm năng','Cải thiện doanh số','Cải thiện doanh số','2023-10-23 07:13:32','2023-10-23 07:13:32'),(88,59,'Tìm hiểu, dò xét tình hình kinh doanh chung của ngành và các đối thủ cạnh tranh','Đón đầu thị trường, thăm dò & cải thiện phương thức kinh doanh','Đón đầu thị trường, thăm dò & cải thiện phương thức kinh doanh','2023-10-23 07:17:26','2023-10-23 07:17:26'),(89,62,'Tìm kiếm các khách hàng tiềm năng trong lĩnh vực TKKD thông qua các forum diễn đàn/ kênh thương mại/ kênh social...','Tăng doanh số, phát huy các cơ hội kinh doanh','Tăng doanh số, phát huy các cơ hội kinh doanh','2023-10-23 07:27:22','2023-10-23 07:27:22'),(90,63,'Chủ động thăm hỏi khách hàng, tìm hiểu nhu cầu tiềm ẩn, đón đầu cơ hội kinh doanh','Có nguồn doanh thu & đơn hàng ổn định hàng tháng','Có nguồn doanh thu & đơn hàng ổn định hàng tháng','2023-10-23 07:27:47','2023-10-23 07:27:47'),(91,64,'Truyền đạt đủ và chính xác yêu cầu của khách hàng cho BP Sản xuất nắm thông tin & thực hiện các đơn hàng dịch vụ','BP Sản xuất hiểu đủ và đúng yêu cầu của khách','BP Sản xuất hiểu đủ và đúng yêu cầu của khách','2023-10-23 07:28:20','2023-10-23 07:28:20'),(92,64,'Tư vấn các thông tin kỹ thuật cho khách hàng','Đảm bảo khách hiểu các thông số kỹ thuật và hợp tác','Đảm bảo khách hiểu các thông số kỹ thuật và hợp tác','2023-10-23 07:28:45','2023-10-23 07:28:45'),(95,7,'Tư vấn cho khách hàng về quy trình thực hiện, giá cả phí dịch vụ, tiến độ dự án','Hợp đồng rõ ràng, minh bạch, đảm bảo quyền lợi và nghĩa vụ các bên','Hợp đồng rõ ràng, minh bạch, đảm bảo quyền lợi và nghĩa vụ các bên','2023-10-23 07:31:40','2023-10-23 07:31:40'),(96,7,'Kết nối các nhân sự liên quan triển khai đơn hàng, truyền tải đủ và đúng yêu cầu của khách cho team TKKD','Các thành viên phối hợp nhịp nhàng, hiểu rõ nhu cầu của khách','Các thành viên phối hợp nhịp nhàng, hiểu rõ nhu cầu của khách','2023-10-23 07:34:21','2023-10-23 07:34:21'),(97,7,'Quản lý tiến độ các đơn hàng TKKD','Đúng tiến độ, dịch vụ chất lượng, khách hài lòng & nghiệm thu','Đúng tiến độ, dịch vụ chất lượng, khách hài lòng & nghiệm thu','2023-10-23 07:35:04','2023-10-23 07:35:04'),(98,65,'Làm video review về dịch vụ in 3D tạo mẫu nhanh, quét 3D','KPI: 1 video/tuần','KPI: 1 video/tuần','2023-10-23 07:52:13','2023-10-23 07:52:13'),(99,65,'Làm social content về dịch vụ in 3D tạo mẫu nhanh, quét 3D, thiết kế ngược, thiết kế kiểu dáng, đo kiểm 2D 3D... trên các nền tảng xã hội','KPI: 2 bài/tuần mỗi kênh social, chia từng mảng dịch vụ','KPI: 2 bài/tuần mỗi kênh social, chia từng mảng dịch vụ','2023-10-23 07:52:51','2023-10-23 07:52:58'),(100,65,'Tham gia vào tất cả các diễn đàn/ cộng đồng trong các mảng dịch vụ của 3Dm, tìm hiểu nhu cầu & tìm kiếm khách hàng tiềm năng','KPI: 1 khách hàng mới/tuần','KPI: 1 khách hàng mới/tuần','2023-10-23 07:53:26','2023-10-23 07:53:26'),(101,66,'Phối hợp cùng Workshop Manager lên kế hoạch marketing tổng thể, chịu trách nhiệm triển khai chi tiết','Đúng tiến độ, chất lượng hiệu quả','Đúng tiến độ, chất lượng hiệu quả','2023-10-23 07:55:06','2023-10-23 07:55:06'),(102,66,'Tập trung vào các công cụ digital dài hạn (landing page, google ads, facebook ads, S.E.O), chịu trách nhiệm giám sát, điều chỉnh & báo cáo kết quả từng giai đoạn','Tăng độ nhận diện thương hiệu 3Dm trên nền tảng social','Tăng độ nhận diện thương hiệu 3Dm trên nền tảng social','2023-10-23 07:55:55','2023-10-23 07:55:55'),(103,67,'Phối hợp cùng Workshop Manager lên kế hoạch, chịu trách nhiệm triển khai chi tiết, chuẩn bị tài liệu, ấn phẩm, vật phẩm...','Triển khai hiệu quả, đúng hạn','Triển khai hiệu quả, đúng hạn','2023-10-23 07:57:34','2023-10-23 07:57:34'),(104,67,'Làm việc với các nhà cung cấp, đối tác cho công tác chuẩn bị','Phối hợp nhịp nhàng, hiệu quả và đúng tiến độ','Phối hợp nhịp nhàng, hiệu quả và đúng tiến độ','2023-10-23 07:58:14','2023-10-23 07:58:14'),(105,68,'Các đơn hàng in 3D: báo khối lượng, tư vấn vật liệu phù hợp, setup file in, vận hành các máy in, xử lý hậu kỳ sau in...','Thực hiện 100% đúng và đủ theo quy trình, mẫu đạt chất lượng & đúng tiến độ','Thực hiện 100% đúng và đủ theo quy trình, mẫu đạt chất lượng & đúng tiến độ','2023-10-23 08:39:52','2023-10-23 08:39:52'),(107,77,'Phụ trách biên, phiên dịch  từ tiếng Việt  - tiếng Anh & ngược lại các loại văn bản, bài viết đăng tải để truyền thông, các hợp đồng kinh tế khi cần sử dụng song ngữ (Anh - Việt) dịch trực tiếp tại các cuộc họp với cac đối tác nước ngoài . Hỗ trợ check lỗi chính tả hoặc thuật văn trong các công văn, văn bản, thông báo, quyết đinh (nội bộ hoặc gửi ra nước ngoài)','Phiên dịch chuẩn xác đúng và đủ theo ý muốn của cấp trên.\r\nHỗ trợ phiên dịch kịp thời không trễ hẹn\r\nGóp ý trên các phần nội dung','..','2023-12-07 07:46:15','2024-02-01 03:53:37'),(109,79,'Hỗ trợ các sự kiện truyền thông, kết nối, sự kiện, đối tác truyền thông.','Kịp thời, hiệu quả','.','2023-12-07 07:55:57','2024-02-01 03:55:01'),(112,82,'Sắp xếp lịch làm việc, lịch họp có TGĐ tham gia, ghi chú nội dung, thông báo, ban hành, theo dõi các đầu mục công việc sau đó.','Hiệu quả','.','2023-12-07 09:12:36','2024-02-01 03:56:40'),(114,71,'Chăm sóc các dự án đã có,Xây dựng các dữ án mới cho những năm tiếp theo','Giữ được quan hệ tốt với đối tác, chủ đầu tư để các dự án d9uoc5 triển khai, thực thi thành công','.','2023-12-07 09:24:23','2023-12-07 09:24:23'),(115,72,'Phụ trách việc chuyển đổi só của công ty','Nghiên cứu, đưa ra các giải pháp theo hướng chuyển đổi số giúp cải thiện hiệu quả hoạt động của công ty','.','2023-12-07 09:26:01','2023-12-07 09:26:01'),(116,73,'Xây dựng các đại lý thiết bị (máy scan 3D, in 3D) tại một số tỉnh thành để giúp tăng doanh số','Xây dựng được đại lý tại HN & ĐN','.','2023-12-07 09:27:00','2023-12-07 09:27:35'),(117,74,'Chăm sóc các đại lý Mastercam','Thúc đẩy, đưa ra các chương trình bán hàng để đại lý tích cực  trong việc bán hàng giúp tăng doanh thu','.','2023-12-07 09:29:20','2023-12-07 09:29:20'),(118,75,'Hỗ trợ phòng IT','Xử lý hỗ trợ phòng IT, các vấn đề phát sinh trong công việc','.','2023-12-07 09:30:28','2023-12-07 09:30:28'),(119,76,'Đào tạo  CRM','Hỗ trợ đào tạo các nhân sự mới về phần mềm CRM Getfly để giúp nhn6 viên mới nhanh chóng sử dụng được, hỗ trợ được nhiều trong công việc','.','2023-12-07 09:32:06','2023-12-07 09:32:06'),(120,84,'Bán hàng','Đạt doanh thu theo quý, đủ','.','2023-12-07 09:48:16','2023-12-07 09:48:47'),(121,85,'Hỗ trợ kỹ thuật cho KH','Hỗ trợ đầy đủ kỹ thuật cho khách hàng','.','2023-12-07 09:50:06','2023-12-07 09:50:06'),(122,86,'Chào bán máy in 3D công nghiệp','Chưa có kết quả doanh số bán hàng','.','2023-12-07 10:12:56','2023-12-07 10:12:56'),(123,87,'Chào bán máy quét 3D và máy in 3D desktop','Đã có kết quả doanh số bán hàng (01 máy Cubicon)','.','2023-12-07 10:14:48','2023-12-07 10:14:48'),(124,88,'Chào bán dịch vụ quét và in 3D','Có 05 đơn dịch vụ quét và in 3D','.','2023-12-07 10:16:20','2023-12-07 10:16:20'),(125,89,'Tìm kiếm khách hàng','Đạt được KPI','.','2023-12-08 01:16:19','2023-12-08 01:16:19'),(126,90,'Bán hàng','D9at4 được doanh số đề ra','.','2023-12-08 01:17:00','2023-12-08 01:17:00'),(127,91,'Phát triển kinh doanh','Mở đại lý, tìm kiếm đối tác','.','2023-12-08 01:21:09','2023-12-08 01:21:09'),(128,92,'Chăm sóc KH','Khách hàng hài lòng','.','2023-12-08 01:21:47','2023-12-08 01:21:47'),(129,93,'Hoàn thành các task được giao','Đúng yêu cầu đúng deadline','.','2023-12-08 01:22:35','2023-12-08 01:22:35'),(130,94,'Đào tạo công nghệ','Chuyển giao thành công đến KH','.','2023-12-08 03:11:46','2023-12-08 03:11:58'),(131,95,'Chăm sóc khách hàng','Hỗ trợ KH + với giới thiệu','.','2023-12-08 03:13:09','2023-12-08 03:13:09'),(132,96,'Mở rộng thị trường + đại lý','Thúc đẩy doanh số bán hàng','.','2023-12-08 03:17:53','2023-12-08 03:17:53'),(133,97,'Hỗ trợ sự kiện Marketing','Tham gia sự kiện có liên quan','.','2023-12-08 03:21:14','2023-12-08 03:21:14'),(134,98,'Phụ trách công việc liên hệ khách hàng mới v2 khách hàng đã có trên CRM nhằm tạo cuộc hẹn cho sale','Chốt được cuộc hẹn, thời gian và địa điểm phù hợp cho sale gặp KH','.','2023-12-08 03:38:30','2023-12-08 03:38:30'),(135,99,'Cập nhât thông tin khách hàng lê hệ thống CRM','Chính xác đầy đủ thông tin về khách hàng','.','2023-12-08 03:39:40','2023-12-08 03:39:40'),(136,100,'Kiểm soát việc ra vào cổng và các quy định , quy trình.','.Đảm bảo chính xác theo quy trình của \r\nCông ty','.','2023-12-08 03:43:29','2023-12-08 07:40:39'),(137,100,'Quản lý và kiểm soát quy định đi công tác bao gồm quản \r\nlý ngân sách công tác và lịch công tác của toàn nhân viên \r\n(đặt vé máy bay, thuê nơi ở công tác,…tổng hợp hồ sơ và \r\ntạo đơn hàng k','.Đảm bảo chính xác theo quy trình của \r\nCông ty','.','2023-12-08 03:45:28','2024-01-04 08:36:50'),(138,100,'Quản lý một số dịch vụ: Bảo vệ, Tạp vụ đảm bảo nhân sự thực \r\nhiện đúng đủ nhiệm vụ hàng ngày. Theo dõi HĐ dịch vụ & \r\nquản lý chi phí, tạo đơn hàng mua hàng tháng,…','.Đảm bảo chính xác theo quy trình của \r\nCông ty','.','2023-12-08 03:46:07','2024-01-04 08:37:04'),(139,101,'Kho thương mại: Quản lý và kiểm soát hàng hóa, thiết \r\nbị, máy móc, vật liệu,… sắp xếp trong kho luôn gọn gàng, \r\ndễ tìm, dễ nhận biết. Kiểm soát và thực hiện các công việc \r\nxuất – nhập kho & kiểm kê số liệu: Xuất – Nhậ','.Đảm bảo tất cả cơ sở vật chất, trang thiết \r\nbị, sản phẩm luôn an toàn, sạch sẽ gọn \r\ngàng.\r\nCác sản phẩm trong các kho luôn ngăn \r\nnắp, dễ tìm kiếm.','..','2023-12-08 03:47:06','2023-12-11 04:38:12'),(140,101,'Kho marketing:  Quản lý và kiểm soát các vật phẩm, ấn \r\nphẩm, catalouges, …các dụng cụ phục vụ cho Sự kiện, \r\ncho Marketing luôn sẵn sàng.Sắp xếp gọn gàng sạch sẽ. \r\nLưu trữ rõ ràng','Đảm bảo tất cả cơ sở vật chất, trang thiết bị, sản phẩm luôn an toàn, sạch sẽ gọn gàng. Các sản phẩm trong các kho luôn ngăn nắp, dễ tìm kiếm.','.','2023-12-08 03:47:19','2024-01-04 08:37:24'),(141,101,'Kho sản xuất: Kết hợp với bộ phận sản xuất để quản lý \r\nvà kiểm soát định mức nguyên vật liệu, dụng cụ, thiết \r\nbị,...cho mỗi đơn hàng. Lâp báo cáo cụ thể hàng tháng gửi \r\nBGĐ','Đảm bảo tất cả cơ sở vật chất, trang thiết bị, sản phẩm luôn an toàn, sạch sẽ gọn gàng. Các sản phẩm trong các kho luôn ngăn nắp, dễ tìm kiếm.','.','2023-12-08 03:47:31','2024-01-04 08:37:32'),(142,101,'Cơ sở vật chất văn phòng: Tất cả các cơ sở vật chất gia \r\ncố văn phòng, nhà xưởng như: Mái tôn, các loại cửa, hệ \r\nthống điện, hệ thống nước, thiết bị lắp đặt hệ thống PCCC \r\n(chăm sóc & bảo trì); máy móc, thiết bị, bàn & ghế, tủ, \r\nkệ,… các thiết bị trong khu Pantry, nhà WC,... luôn săn \r\nsóc và bảo quản tốt, khi có vấn đề phải xử lý kịp thời.\r\nBảo quản các phương tiện di chuyển như: Ô tô; xe gắn \r\nmáy. Kết hợp với tài xế để kịp thời bảo trì bảo dưỡng \r\ncũng như các công việc về thời hạn kiểm định, hạn HĐ \r\nbảo hiểm xe','Đảm bảo tất cả cơ sở vật chất, trang thiết bị, sản phẩm luôn an toàn, sạch sẽ gọn gàng. Các sản phẩm trong các kho luôn ngăn nắp, dễ tìm kiếm.','.','2023-12-08 03:47:45','2024-01-04 08:37:41'),(143,102,'Thiết kế & lập trình các trang chức năng','Vận hành ổn định theo yêu cầu','.','2023-12-08 03:55:12','2023-12-08 03:55:12'),(144,103,'Quản lý hệ thống Getfly','Hệ thống hoạt động ổn định, hỗ trợ người dùng khi có sự cố','.','2023-12-08 03:56:13','2023-12-08 03:56:13'),(145,103,'Quản lý website công ty','Website hoạt động ổn định, hỗ trợ hướng dẫn người mới đăng bài','.','2023-12-08 03:56:55','2023-12-08 03:56:55'),(146,103,'Quản lý server công ty','Server hoạt động ổn định.\r\nBảo mật dữ liệu','.','2023-12-08 03:57:33','2023-12-08 03:57:58'),(147,103,'Quản lý team','Kiểm soát tiến độ và chất lượng công việc của team','.','2023-12-08 03:58:29','2023-12-08 03:58:29'),(148,104,'Hỗ trợ xử lý sự cố máy tính, mạng','Xử lý kịp thời một số sự cố máy tính & mạng máy tính','.','2023-12-08 03:59:19','2023-12-08 03:59:19'),(149,105,'Chịu trách nhiệm chiêu sinh và tổ chức các khoá đào tạo \r\nngắn hạn tại văn phòng nhằm mang về doanh thu lĩnh vực \r\nđào tạo cho công ty.','Kiến tạo & thực hiện nghiêm túc để mức \r\ndoanh thu phải đạt ở mức >= 75% doah \r\nthu công ty đưa ra','.','2023-12-08 07:33:39','2023-12-08 07:35:15'),(150,105,'Lập kế hoạch và xây dựng chương trình đào tạo hợp tác \r\nvới các đơn vị giáo dục (Trường đại học, Cao đẳng và \r\nbệnh viện).','.','.','2023-12-08 07:35:41','2024-01-04 08:41:56'),(151,105,'Sắp xếp lực lượng đội ngũ Trainner phù hợp với khóa đào \r\ntạo, kiểm chi phí đào tạo.','.','.','2023-12-08 07:36:22','2023-12-08 07:37:17'),(152,105,'Săn tìm nhân tài, các ứng viên tìm năng cho các vị trí cần thiết trong công ty thông qua hoạt động đào tạo.','.','.','2023-12-08 07:36:37','2023-12-08 07:45:01'),(153,100,'Chủ động giải quyết sự cố các hạng mục đã nêu trên','.Đảm bảo chính xác theo quy trình của \r\nCông ty','.','2023-12-08 07:41:53','2024-01-04 08:37:11'),(154,105,'Báo cáo kết quả của mỗi khóa đào tạo khi kết thúc','.','.','2023-12-08 07:45:34','2023-12-08 07:45:34'),(157,111,'Quản lý nguồn các trường hợp Vi phạm bản quyền Mastercam\r\n-	Theo dõi hồ sơ giấy tờ với các trường hợp Vi phạm bản quyền Mastercam\r\n-	Thực hiện mua hàng và tạo đơn hàng trên CRM, theo dõi ghi chú, đính kèm lưu trữ giấy tờ\r\n-	Làm việc trực tiếp với hãng CNC Software, và các hãng phần mềm khác…\r\n-	Làm việc với các bên luật, công ty đại diện Mastercam VN','Quy trình làm việc đi vào khuôn khổ\r\n-	Làm việc không chậm tiến độ\r\n-	Tương tác giao tiếp tốt với hãng\r\n-	Truyền đạt, báo cáo thông tin kịp thời\r\n-	Quản lý hồ sơ giấy tờ đầy đủ\r\n-	Tạo đơn hàng và theo dõi đầy đủ','.','2023-12-11 10:18:46','2023-12-11 10:20:54'),(158,112,'-	Quản lý KPI BP.KD\r\n-	Theo dõi các chỉ tiêu KPI\r\n-	Nhắc nhở các sales thực hiện KPI\r\n-	Ghi nhận các phản ánh, đóng góp, thiếu sót về KPI của công ty','Luôn hoàn thành đúng thời hạn\r\n-	Nhắc nhở và theo dõi công tác thực hiện chỉ tiêu của sales\r\n-	Báo cáo, ghi nhận và cố gắng khắc phục vấn đề khi có\r\n-	Báo cáo kịp thời với cấp trên','.','2023-12-11 10:19:45','2023-12-11 10:21:06'),(159,113,'Báo cáo doanh thu mỗi tháng\r\n-	Báo cáo chiến dịch, cơ hội, danh sách khách hàng tiềm năng sau mỗi sự kiện','Luôn hoàn thành đầy đủ','.','2023-12-11 10:21:54','2023-12-11 10:22:03'),(160,114,'Chuẩn bị bộ hồ sơ bàn giao – nghiệm thu thương mại\n-	Gửi nhận và theo dõi bản cứng hồ sơ giấy tờ đầy đủ chữ ký các bên\n-	Nhập ngày công nợ và ngày nghiệm thu lên đơn hàng','Luôn hoàn thành đầy đủ','.','2023-12-11 10:23:05','2023-12-11 10:23:05'),(161,115,'Thực hiện hỗ trợ công tác, theo dõi công tác giao hàng, đào tạo liên tỉnh của BP.KD\n-	Đặt vé máy bay, khách sạn, xe di chuyển\n-	Quản lý tài khoản grab, lalamove giao hàng\n-	Tạo đơn hàng mua với bên NCC và theo dõi chứng từ đầy đủ','Luôn hoàn thành đầy đủ','.','2023-12-11 10:24:54','2023-12-11 10:24:54'),(162,116,'Hỗ trợ sự kiện, hội thảo, setup workshop, sự kiện nội bộ khi có','Luôn hoàn thành đầy đủ','.','2023-12-11 10:25:56','2023-12-11 10:25:56'),(163,116,'Hỗ trợ biên phiên dịch các task, công tác, gặp khách, CSKH, tiếp nhận đầu số hotline tiếng Anh','Luôn hoàn thành đầy đủ','.','2023-12-11 10:26:35','2023-12-11 10:26:35'),(164,117,'Quản lý & giám sát TC-KT','Hiệu quả và chặt chẽ','.','2023-12-12 01:42:59','2023-12-12 01:42:59'),(165,118,'Kết hợp Viva lập BCTC, BCKT','Chính xác và phù hợp','.','2023-12-12 01:43:38','2023-12-12 01:43:38'),(166,119,'Tư vấn BGĐ về phân bổ dòng tiền','Hiệu quả dòng tiền','.','2023-12-12 01:44:06','2023-12-12 01:44:06'),(167,120,'Kêu gọi vốn đầu tư','Tối ưu các nguồn vốn','.','2023-12-12 01:44:46','2023-12-12 01:44:46'),(168,121,'Thanh khoản Ngân hàng','Nhanh và kịp tiến độ','.','2023-12-12 01:45:19','2023-12-12 01:45:19'),(169,122,'Kiểm tra pháp lý Hợp đồng','Bảo đảm và hạn chế rủi ro','.','2023-12-12 01:45:59','2023-12-12 01:46:22'),(170,123,'Truyền thông văn hóa, quy định, quy trình làm việc,\nchính sách đến nhân viên; giám sát nhân viên trong\nsuốt quá trình làm việc và đưa ra đánh giá về thái độ,\ntác phong; cập nhật các chương trình có sự thay đổi\nvà bổ sung đến toàn bộ nhân viên.','Trao đổi cụ thể trong thời gian thử việc.','.','2024-01-04 08:17:42','2024-01-04 08:17:42'),(171,124,'Là đầu mối liên kết chặt chẽ các phòng ban chuyên\nbiệt để tư vấn và điều chỉnh chiến lược nhân sự phù\nhợp, nắm vững các khung năng lực của toàn nhân sự,\nnhận diện được chiến lược kinh doanh, tầm quan\ntrọng của từng vị trí nhân sự từ đó lên kế hoạch tái cơ\ncấu nhân sự được tối ưu nhất cho Công ty.','Trao đổi cụ thể trong thời gian thử việc.','.','2024-01-04 08:18:31','2024-01-04 08:18:31'),(172,125,'Chịu trách nhiệm chính trong việc ứng phó trường\nhợp khẩn cấp. Nhận diện nhanh tình huống, nắm bắt\nthông tin chính xác để đưa ra phương án ứng phó kịp\nthời, thỏa đáng những thắc mắc, khiếu nại của nhân\nviên trong mọi tình huống phải đảm bảo tối đa sự rủi\nro. Sẵn sàng ứng phó trước những thay đổi đột ngột\nvề cấu trúc nhân sự trong tổ chức đồng thời giải quyết\nvấn đề khác có liên quan đến nội bộ.','Trao đổi cụ thể trong thời gian thử việc.','.','2024-01-04 08:22:14','2024-01-04 08:22:14'),(173,126,'Người hòa giải giữa các xung đột, trực tiếp xử lý các\nmâu thuẫn và các tình huống tranh giành lợi ích giữa\ncác cá nhân làm ảnh hưởng tiêu cực đến hình ảnh của\nCông ty. Là cầu nối liên kết giữa BOD với toàn bộ\ncông nhân viên trong Công ty.','.','.','2024-01-04 08:23:18','2024-01-04 08:23:18'),(174,127,'Chủ động tiếp cận, khai thác và tìm kiếm nguồn ứng\r\nviên phù hợp, đề xuất các kênh tuyển dụng hiệu quả.','.','.','2024-01-04 08:24:15','2024-01-04 08:24:59'),(175,129,'In 3D trực tuyến - 3dmanufacturer.com.vn','Đạt 30 triệu / tháng sau 3 tháng. Đạt 50 triệu / tháng sau 6 tháng. Đạt 100 triệu / tháng sau 12 tháng. Và liên tục tăng trưởng 50% mỗi năm.','.','2024-01-04 08:49:21','2024-01-04 08:49:21'),(176,130,'Bán hàng online Shopee/Lazada/Tiki: máy quét 3D Einstar, Máy in 3D Cubicon Prime và các sản phẩm Thiết kế và sản xuất bởi 3Dm','Bán được 5 đơn hàng / tháng sau 3 tháng; 10 đơn hàng mỗi tháng sau 6 tháng. Và liên tục tăng trưởng hàng','.','2024-01-04 08:50:00','2024-01-04 08:50:00'),(177,131,'Lập kế hoạch marketing và bán hàng - hàng quý, hàng năm. Thực hiện công việc theo kế hoạch.','Trao đổi trong quá trình làm việc','.','2024-01-04 08:50:38','2024-01-04 09:05:44'),(178,132,'Chịu trách nhiệm kết quả bán hàng theo mục tiêu đã đặt ra','Trao đổi trong quá trình làm việc','.','2024-01-04 08:51:21','2024-01-04 09:05:53'),(179,133,'Triển khai các chương trình marketing hiệu quả: SEO, Quảng cáo, Truyền thông','Trao đổi trong quá trình làm việc','.','2024-01-04 08:52:01','2024-01-04 09:06:03'),(180,134,'Tuyển dụng, đào tạo đội ngũ nhân sự phục vụ phát triển kinh doanh','Kịp thời, đúng tiến độ','.','2024-01-04 08:52:36','2024-01-04 08:52:36'),(181,135,'Xây dựng quy trình và quản lý nhân viên','Trao đổi trong quá trình làm việc','.','2024-01-04 08:53:08','2024-01-04 09:06:12'),(182,136,'Giám sát hiệu quả và báo cáo kết quả cho CEO.','Trao đổi trong quá trình làm việc','.','2024-01-04 08:53:38','2024-01-04 09:06:18'),(183,137,'Các công việc khác do cấp trên yêu cầu.','Hoàn thành tốt','.','2024-01-04 08:54:12','2024-01-04 08:54:12'),(184,138,'Lên ý tưởng, kịch bản quay video quảng bá sản phẩm, giới thiệu giải pháp cho các chiến dịch marketing của team và công ty','Trao đổi trong quá trình làm việc','.','2024-01-04 09:09:11','2024-01-04 09:10:19'),(185,139,'Quay, dựng và hoàn thiện video theo kế hoạch đã phân công của team và của công ty','Trao đổi trong quá trình làm việc','.','2024-01-04 09:09:54','2024-01-04 09:10:12'),(186,140,'Phối hợp với đội kỹ thuật ứng dụng để quay các bộ video phục vụ cho công việc đào tạo thiết bị, phần mềm và giải pháp mới của công ty','Trao đổi trong quá trình làm việc','.','2024-01-04 09:11:10','2024-01-04 09:11:47'),(187,141,'Phối hợp với team content, sự kiện tạo các video phục vụ cho sự kiện sắp diễn ra, các hội nghị và webinar của công ty.','Trao đổi trong quá trình làm việc','.','2024-01-04 09:11:39','2024-01-04 09:11:54'),(188,142,'Cập nhật tính năng mới, kiểm tra và sửa lỗi Hệ thống Etraining, Hệ thống tính thưởng, Drive 3DS.','Trao đổi cụ thể trong quá trình làm việc','.','2024-01-04 09:42:47','2024-01-04 10:14:04'),(189,143,'Cập nhật danh mục mới cho website 3Dmanufacturer.\r\nCập nhật và quản lý Hệ thống Getfly CRM.','Trao đổi cụ thể trong quá trình làm việc','.','2024-01-04 10:13:38','2024-01-04 10:14:11'),(190,144,'Hỗ trợ một phần công việc bảo trì máy tính.','Trao đổi cụ thể trong quá trình làm việc','.','2024-01-04 10:14:47','2024-01-04 10:14:55'),(191,145,'Kết hợp với team xây dựng Hệ thống đặt lịch tài xế.\r\nXử lý các công việc khác theo yêu cầu của cấp trên.','Trao đổi cụ thể trong quá trình làm việc','.','2024-01-04 10:15:40','2024-01-04 10:16:13'),(192,146,'Các công việc khác do cấp quản lý & BOD yêu cầu.','Trao đổi cụ thể trong quá trình làm việc','.','2024-01-04 10:16:04','2024-01-04 10:16:19'),(194,147,'Tổ chức sự kiện trong tháng, trong quý, trong năm.','Thực hiện đúng kế hoạch đặt ra','.','2024-01-05 08:47:13','2024-01-05 08:49:08'),(195,148,'Điều phối, triển khai trương trình sự kiện, POSM đi kèm.','Đúng deadline, đúng yêu cầu, đúng bộ nhận diện thương hiệu','.','2024-01-05 08:50:11','2024-01-05 08:50:11'),(196,149,'Vận dụng hệ thống CRM để thực hiện các công tác truyền thông trước, trong và sau sự kiện.','Đạt được KPI số LEAD (khách hàng tiềm năng) sau mỗi sự kiện','.','2024-01-05 08:50:48','2024-01-05 08:50:48'),(197,150,'Làm recap sự kiện và viết báo cáo','Thông tin chính xác. Liệt kê điểm cần cải thiện và phát huy.','.','2024-01-05 08:51:14','2024-01-05 08:51:14'),(199,151,'Báo giá, Hợp đồng, Chứng từ bàn giao & nghiệm thu, ... Thu thập đúng đủ và lưu trữ chính xác.','Thực hiện đúng, chính xác từng hạng mục, hồ sơ không để xảy ra sai sót.',NULL,'2024-01-22 09:19:11','2024-01-22 09:19:11'),(200,152,'Credit, Promotion, Price, Register (end user information),','Xử lý các tình huống phải chuyên nghiệp và thận trọng, đúng tiến độ.',NULL,'2024-01-22 09:19:47','2024-01-22 09:19:47'),(201,153,'Phụ trách các account khách hàng thân thiết và một số đơn bán hàng của giám đốc giao.','Tiếp nhận nhanh và thực hiện kịp thời đảm bảo được chất lượng công việc.',NULL,'2024-01-22 09:20:31','2024-01-22 09:20:31'),(202,154,'Hỗ trợ Sales chuẩn bị bộ hồ sơ đấu thầu, kiểm soát nguồn hàng hoá đầu vào.','Tất cả các hồ sơ dự thầu phải chuẩn xác, đầy đủ và kịp thời.',NULL,'2024-01-22 09:20:59','2024-01-22 09:20:59'),(203,155,'Các công việc khác khi được cấp trên giao.','Hoàn thành đúng, đủ, trong thời hạn được giao.',NULL,'2024-01-22 09:21:45','2024-01-22 09:21:45'),(204,156,'Thực hiện, kiểm tra và hạch toán tất cả các nghiệp vụ phát sinh.\r\nĐối chiếu số liệu và lập các báo cáo kế toán theo yêu cầu của BGĐ.\r\nKết hợp với Công ty dịch vụ hoàn thiện hồ sơ thuế và báo cáo phục vụ đối tác bên ngoài.','Đầy đủ, chính xác và đúng thời hạn',NULL,'2024-01-22 09:26:54','2024-01-22 09:27:27'),(205,157,'Theo dõi và quản lý công nợ, tài sản, công cụ - dụng cụ, hàng tồn kho, …','Hiệu quả và tránh thất thoát',NULL,'2024-01-22 09:28:01','2024-01-22 09:28:01'),(206,158,'Kiểm tra, in ấn và lưu trữ hoá đơn, chứng từ và sổ sách kế toán theo quy định.','Đầy đủ và đúng quy định',NULL,'2024-01-22 09:28:23','2024-01-22 09:28:23'),(207,159,'Xây dựng và hoàn thiện phần mềm kế toán theo định hướng quản trị của BGĐ.','Hoạt động hiệu quả.',NULL,'2024-01-22 09:28:58','2024-01-22 09:28:58'),(208,159,'Xây dựng và hoàn thiện phần mềm kế toán theo định hướng quản trị của BGĐ.','Hoạt động hiệu quả.',NULL,'2024-01-22 09:28:58','2024-01-22 09:28:58'),(209,161,'-	Quản lý công tác tuyển dụng: Đăng tuyển dụng, sàng lọc hồ sơ, xơ lược phỏng vấn ứng viên qua điện thoại hoặc vòng 1, đặt lịch phỏng vấn cho ứng viên với các phòng ban đang có yêu cầu tuyển dụng,…Làm việc với các nhà dịch vụ tư vấn tuyển dụng, cung ứng nhân lực.\r\n- Tiếp nhận, hướng dẫn đào tạo hội nhập cho Nhân viên mới. \r\n- Quản lý thử việc của nhân viên, tập hợp bảng đánh giá nhân viên sau thử việc trình TGĐ.','Kịp thời và hiệu quả',NULL,'2024-01-29 09:20:28','2024-01-29 09:21:35'),(210,162,'-	Theo dõi, cập nhật và quản lý hồ sơ, danh sách lao động Công ty, soạn thảo HĐLĐ, Phụ lục HĐ cho nhân viên.\n-	Theo dõi và giải quyết chế độ BHXH, BHYT, khai báo tăng, giảm, chốt sổ BHXH cho người lao động toàn Công ty 3DS.\n-	Chấm công tính lương hàng tháng, theo dõi phép năm.\n-	Cập nhật chính sách, phúc lợi,..phổ biến tới người lao động nắm bắt.\n-	Hỗ trợ cùng team vào các hoạt động: Du lịch, teambuilding, tiệc tất niên,..\n-	Hướng dẫn, giải đáp các khiếu nại, thắc mắc của người lao động liên quan đến chế độ, chính sách lao động, quy định của Công ty.\n-	 Soạn một số form mẫu khi cần thiết.\n-	Soạn thảo một số công văn, quyết định khi có yêu cầu của BGĐ.','Kịp thời, chính xác',NULL,'2024-01-29 09:23:37','2024-01-29 09:23:37'),(211,163,'-	Chịu trách nhiệm thực hiện các báo cáo liên quan tới các cơ quan chức năng như: Bảo Hiểm, Phòng lao động,...\n-	Công tác khác do BGĐ yêu cầu.','Khi có yêu cầu',NULL,'2024-01-29 09:24:15','2024-01-29 09:24:15'),(212,164,'-	Đón tiếp khách \n-	Nhận thư từ, bưu kiện và chuyển giao cho bộ phận/cá nhân liên quan','Hài lòng đối tác, khách hàng.\nThư, bưu kiện, được giao đi và nhận về đúng địa chỉ, thời gian, người nhận.',NULL,'2024-01-29 10:19:26','2024-01-29 10:19:26'),(213,165,'-	Quản lý Tổng đài, Hotline\n-	Quản lý Zalo OA & Messenger 3DS, zalo Customer Sevice \n+ Tiếp nhận thông tin từ khách hàng: về nhu cầu dịch vụ/thương mại => Cập nhật thông tin lên CRM \n+ Hỗ trợ giải quyết các vấn đề liên hệ đến sự kiện, dịch vụ//thương mại, hóa đơn, tiến độ đơn hàng, vận chuyển,...','Chính xác, kịp thời',NULL,'2024-01-29 10:20:20','2024-01-29 10:20:20'),(214,166,'-	Liên hệ KH để báo tình trạng đơn hàng, các sự cố đơn hàng,.. \r\n-	Liên hệ xác nhận contact KH từ đại lý cung cấp (Mastercam)\r\n-	Book vận chuyển, di chuyển: Grab, Lalamove và hỗ trợ  kiểm tra đơn vị vận chuyển Viettelpost','Kịp thời và cập nhật tiến độ',NULL,'2024-01-29 10:21:50','2024-01-29 10:23:13'),(215,167,'-	Quản lý VPP: mua và cấp phát VPP theo nhu cầu, đề xuất từ các phòng ban => cập nhật đơn hàng \r\n-	Mua các sản phẩm/vật dụng theo yêu cầu/chỉ đạo từ cấp trên \r\n-	Quản lý đồng phục Công ty','Kịp thời và cập nhật tiến độ',NULL,'2024-01-29 10:22:36','2024-01-29 10:23:05'),(216,168,'.','Đầy đủ, kịp thời, chính xác.',NULL,'2024-01-29 10:29:08','2024-01-29 10:29:08'),(217,25,'Thực hiện công việc thiết kế kiểu dáng sản phẩm theo yêu cầu đơn hàng.','Đầy đủ, kịp thời, hiệu quả',NULL,'2024-01-30 04:31:03','2024-01-30 04:31:41'),(218,173,'Phối hợp với bộ phận thiết kế kỹ thuật, sử dụng các phần mềm 3D để vẽ sản phẩm 3d hoàn thiện.\r\nRender phối cảnh 3D.','Làm nổi bật được tính chuyên nghiệp cũng như ý đồ của Designer.',NULL,'2024-01-30 04:31:27','2024-01-30 04:31:51'),(219,173,'Render phối cảnh 3D.','Đúng yêu cầu',NULL,'2024-01-30 04:32:24','2024-01-30 04:32:24'),(220,174,'Thiết kế đóng gói, bao bì, tem nhãn, bảng hướng dẫn sử dụng liên quan đến sản phẩm.','Đảm bảo đầy đủ yêu cầu của sản phẩm, chất lượng và thẩm mỹ.',NULL,'2024-01-30 04:33:54','2024-01-30 04:34:01'),(221,174,'Sáng tạo về mặt ý tưởng & thẩm mỹ trên các thiết kế kiểu dáng sản phẩm.','Đạt chuẩn thương hiệu, hình ảnh công ty, dẫn đầu xu thế.',NULL,'2024-01-30 04:35:10','2024-01-30 04:35:10'),(222,175,'Giao việc, theo dõi, cập nhật, báo cáo tiến độ công việc, dự án các phòng ban.','Chặt chẽ, hiệu quả, báo cáo kịp thời, đề xuất phương án xử lý, nhận biết tình huống nhanh chóng',NULL,'2024-02-01 03:58:04','2024-02-01 03:58:04'),(223,176,'Tìm kiếm, liên hệ, kết nối, setup lịch họp, cuộc họp.\nThảo luận, hỗ trợ ký kết hợp đồng, thỏa thuận (nếu có)\nTheo dõi tiến trình hợp tác, cộng tác.\nHỗ trợ các vấn đề liên quan công tác, viếng thăm công ty, đi lại, nơi ở đối tác (nếu có).','Hiệu quả, chính xác, kịp thời',NULL,'2024-02-01 04:00:21','2024-02-01 04:00:21'),(224,177,'Các thủ tục hành chính: Giấy tờ, công văn liên quan nhà nước, Thẻ APEC, VISA,...\nHội nhóm: đăng ký, hội phí, theo dõi tiến trình tham gia,...\nCác thư từ, vật phẩm đến và đi liên quan TGĐ.','Đầy đủ, kịp thời, nhanh chóng.',NULL,'2024-02-01 04:02:51','2024-02-01 04:02:51'),(225,178,'Nhạy bén nắm bắt tình hình lao động, trao đổi, báo cáo.\r\nLên kế hoạch hoạt động phát huy Văn Hóa Doanh Nghiệp, truyền thông nội bộ','Kịp thời',NULL,'2024-02-01 04:04:23','2024-02-01 04:04:46'),(226,179,'Ứng dụng của máy quét, máy in 3D và phần mềm 3D','-	Hiểu rõ về các thông số, đặc tính kỹ thuật của thiết bị và phần mềm 3D\r\n-	Nắm rõ bộ giải pháp công nghệ đã được phát triển bởi đội ngũ kỹ thuật\r\n-	Tham vấn, đưa ra ý tưởng cho các ứng dụng mới \r\n-	Nghiên cứu và phát triển hoàn chỉnh ít nhất một giải pháp, ứng dụng công nghệ 3D có tính khả thi cao cho thị trường VN',NULL,'2024-02-03 07:16:28','2024-02-03 07:17:03'),(227,180,'tài liệu hướng dẫn sử dụng, tài liệu kỹ thuật cho thiết bị quét và in 3D','-	Đọc hiểu và nắm các thông tin về tài liệu hỗ trợ kỹ thuật\n-	Đưa ra góp ý cải tiến nội dung\n-	Biên soạn bổ sung các thông tin kỹ thuật mới cho bộ tài liệu sẵn có',NULL,'2024-02-03 07:17:50','2024-02-03 07:17:50'),(228,181,'Bàn giao và đào tạo sử dụng thiết bị quét và in 3D','-	Hiểu rõ quy trình đào tạo, chuyển giao công nghệ cho khách hàng\n-	Tham gia các buổi chuyển giao công nghệ\n-	Thực hiện bàn giao và đào tạo sử dụng thiết bị trực tiếp cho khách hàng\n-	Đưa ra nhận định và góp ý cải tiến quy trình chuyển giao công nghệ hiện tại của công ty',NULL,'2024-02-03 07:18:28','2024-02-03 07:18:28'),(229,182,'Tham gia bảo hành, bảo dưỡng, sửa chữa thiết bị máy móc sau bán hàng','-	Nắm rõ quy trình trao đổi, hỗ trợ khách hàng qua các nền tảng hỗ trợ của công ty\n-	Tham gia hỗ trợ khắc phục sự cố kỹ thuật cho khách hàng đang sử dụng thiết bị, giải pháp \n-	Trao đổi, phối hợp với các đối tác trong quá trình khắc phục lỗi kỹ thuật cho khách hàng\n-	Góp ý cải tiến quy trình hiện tại',NULL,'2024-02-03 07:19:35','2024-02-03 07:19:35'),(230,183,'Quản lý hoạt động nghiên cứu ứng dụng thiết bị, phần mềm 3D của team','-	Các nghiên cứu có tính ứng dụng cao, có khả năng đưa vào sử dụng thực tế\n-	Thời gian hoàn thành nghiên cứu đáp ứng lịch trình và kế hoạch tiếp cận thị trường của công ty\n-	Phân bổ nhân sự đồng đều, tránh chồng chéo nhiệm vụ khi thực hiện dự án',NULL,'2024-02-03 07:24:41','2024-02-03 07:24:41'),(231,184,'Quản lý và chịu trách nhiệm chính trong các hoạt động chuyển giao kỹ thuật của công ty','-	Điều phối nhân sự phù hợp cho các hoạt động chuyển giao công nghệ\n-	Tỷ lệ hoàn thành các buổi chuyển giao công nghệ là 100%\n-	Không để phát sinh các sự cố, sai sót dẫn tới phản hồi tiêu cực từ phía khách hàng do các yếu tố kỹ thuật hoặc bàn giao đào tạo gây ra\n-	Đảm bảo quyền lợi cho các thành viên khi tham gia các hoạt động chuyển giao công nghệ, các dự án lớn của công ty',NULL,'2024-02-03 07:25:49','2024-02-03 07:25:49'),(232,185,'Tham gia tư vấn và xây dựng quy trình tư vấn kỹ thuật cho các đơn hàng thương mại giá trị lớn, các gói thầu quan trọng của công ty','-	Đảm bảo tư vấn đúng các yêu tố kỹ thuật cho khách hàng\n-	Kiểm soát rủi ro phát sinh do lỗi kỹ thuật với các dự án lớn\n-	Điều phối nhân sự tham gia nghiên cứu, hỗ trợ thực hiện trình bày giải pháp cho các khách hàng',NULL,'2024-02-03 07:26:32','2024-02-03 07:26:32'),(233,186,'Tham gia hỗ trợ kỹ thuật cho các hoạt động marketing, sự kiện của công ty','-	Tư vấn các vấn đề kỹ thuật cho các ấn phẩm, dự án marketing sản phẩm\n-	Xây dựng và biên soạn nội dung các bài thuyết trình trong những hội thảo do công ty tổ chức\n-	Phân công nhân sự hỗ trợ đội ngũ marketing thực hiện tổ chức sự kiện, sản xuất ấn phẩm',NULL,'2024-02-03 07:27:11','2024-02-03 07:27:11'),(234,187,'Quản lý chất lượng các sản phẩm, quy trình của công ty','-	Xây dựng quy trình quản lý chất lượng sản phẩm thương mại, dịch vụ của công ty\n-	Xây dựng kế hoạch kiểm tra, tầm soát chất lượng sản xuất. \n-	Dự đoán và hạn chế rủi ro phát sinh trong các hoạt động sản xuất',NULL,'2024-02-03 07:27:45','2024-02-03 07:27:45'),(235,188,'Tham gia quá trình đánh giá cơ hội và tiềm năng hợp tác với các đối tác mới','-	Nghiên cứu kỹ thuật về giải pháp mà các đối tác mang lại \n-	Thực hiện các đề xuất, đưa ra ý kiến cho các quyết định hợp tác của công ty',NULL,'2024-02-03 07:28:26','2024-02-03 07:28:26'),(236,186,'Hỗ trợ kỹ thuật & chăm sóc khách hàng','.',NULL,'2024-02-03 07:28:47','2024-02-03 07:28:47'),(237,189,'Tham gia giảng dạy và xây dựng giáo trình cho các khóa học của công ty','-	Đứng lớp giảng dạy các khóa học \n-	Biên soạn nội dung giáo trình đào tạo\n-	Phối hợp với các giảng viên để cải tiến và hoàn thiện giáo trình đào tạo cho các khóa mới\n-	Đào tạo đội ngũ giảng viên',NULL,'2024-02-03 07:29:13','2024-02-03 07:29:13');
/*!40000 ALTER TABLE `tochuc___mo_ta_nhiem_vu` ENABLE KEYS */;
UNLOCK TABLES;

--
-- Table structure for table `tochuc___nhiem_vu`
--

DROP TABLE IF EXISTS `tochuc___nhiem_vu`;
/*!40101 SET @saved_cs_client     = @@character_set_client */;
/*!50503 SET character_set_client = utf8mb4 */;
CREATE TABLE `tochuc___nhiem_vu` (
  `id` int unsigned NOT NULL AUTO_INCREMENT,
  `id_vi_tri` int unsigned NOT NULL,
  `ten_nhiem_vu` text CHARACTER SET utf8mb4 COLLATE utf8mb4_unicode_ci NOT NULL,
  `created_at` timestamp NULL DEFAULT NULL,
  `updated_at` timestamp NULL DEFAULT NULL,
  PRIMARY KEY (`id`),
  KEY `nhiem_vu_id_vi_tri_foreign` (`id_vi_tri`),
  CONSTRAINT `nhiem_vu_id_vi_tri_foreign` FOREIGN KEY (`id_vi_tri`) REFERENCES `tochuc___vi_tri` (`id`)
) ENGINE=InnoDB AUTO_INCREMENT=190 DEFAULT CHARSET=utf8mb4 COLLATE=utf8mb4_unicode_ci;
/*!40101 SET character_set_client = @saved_cs_client */;

--
-- Dumping data for table `tochuc___nhiem_vu`
--

LOCK TABLES `tochuc___nhiem_vu` WRITE;
/*!40000 ALTER TABLE `tochuc___nhiem_vu` DISABLE KEYS */;
INSERT INTO `tochuc___nhiem_vu` VALUES (7,21,'Tư vấn, tiếp nhận và triển khai các đơn hàng dịch vụ TKKD','2023-09-12 09:26:35','2023-10-23 07:25:03'),(8,38,'Tham gia phát triển và xây dựng các tính năng của website','2023-09-12 09:34:22','2023-10-06 02:09:58'),(9,38,'Hỗ trợ cập nhật template email trên Getfly CRM','2023-09-12 09:34:34','2023-10-06 03:00:59'),(10,38,'Quản lý, bảo trì và nâng cấp website 3DS','2023-09-12 09:34:49','2023-10-06 02:19:00'),(11,38,'Hỗ trợ setup máy ảnh để quay phim','2023-09-12 09:35:09','2023-10-06 03:02:50'),(12,38,'Hỗ trợ hiển thị bảng LED, Tivi','2023-09-12 09:46:07','2023-10-16 02:03:36'),(13,38,'Hỗ trợ cài đặt hệ thống loa thông báo','2023-09-12 09:46:40','2023-10-16 01:27:34'),(14,38,'Cài đặt và sự cố máy vi tính','2023-09-12 09:47:20','2023-10-16 01:33:14'),(15,38,'Quản lý tài khoản thuộc các hệ thống dùng trong công ty','2023-09-12 09:48:08','2023-10-16 01:35:47'),(16,38,'Quản lý automation','2023-09-12 09:49:12','2023-09-12 09:49:12'),(25,22,'Thiết kế kiểu dáng công nghiệp','2023-09-19 04:03:11','2024-01-30 04:29:09'),(30,10,'Lên kế hoạch kinh doanh','2023-10-13 04:17:08','2023-12-08 03:10:08'),(31,25,'Điều phối sản xuất (scan 3D, in 3D)','2023-10-19 08:58:43','2023-10-19 08:58:43'),(32,25,'Tối ưu sản xuất','2023-10-19 08:59:04','2023-10-19 08:59:04'),(33,25,'Kiểm tra chất lượng đầu ra','2023-10-19 09:08:12','2023-10-19 09:08:12'),(34,25,'Tiếp nhận thông tin đầu vào','2023-10-19 09:08:38','2023-10-19 09:08:38'),(35,25,'Quản lý và giám sát 5S','2023-10-19 09:08:52','2023-10-19 09:08:52'),(36,25,'Đào tạo cho nhân viên mới trong team sản xuất','2023-10-19 09:09:07','2023-10-19 09:09:07'),(37,25,'Đào tạo các khóa học B2C - Hỗ trợ đào tạo chuyển giao công nghệ B2B','2023-10-19 09:09:42','2023-10-19 09:09:42'),(38,27,'Thực hiện các đơn hàng dịch vụ quét 3D','2023-10-23 03:45:22','2023-10-23 03:45:22'),(39,27,'Xuất báo cáo đo kiểm','2023-10-23 03:46:20','2023-10-23 03:46:20'),(40,27,'Đào tạo các khóa học B2C - Hỗ trợ đào tạo chuyển giao công nghệ B2B','2023-10-23 03:46:40','2023-10-23 03:46:40'),(41,27,'Hỗ trợ team Sản xuất thực hiện đơn hàng','2023-10-23 03:47:00','2023-10-23 03:47:00'),(42,26,'Xử lý sau in các đơn hàng dịch vụ in 3D','2023-10-23 04:11:11','2023-10-23 04:11:11'),(43,26,'Setup mẫu in & vận hành các máy in','2023-10-23 04:13:53','2023-10-23 04:28:32'),(44,26,'Đóng gói mẫu in 3D','2023-10-23 04:14:06','2023-10-23 04:14:06'),(45,26,'Bảo trì, bảo dưỡng máy móc định kỳ','2023-10-23 04:15:02','2023-10-23 04:15:02'),(46,26,'Quản lý công cụ dụng cụ của team Sản xuất phục vụ đơn hàng','2023-10-23 04:22:32','2023-10-23 04:22:32'),(47,28,'Thực hiện các đơn hàng dịch vụ thiết kế ngược và quét 3D','2023-10-23 04:48:09','2023-10-23 04:48:09'),(48,28,'Hỗ trợ bàn giao thiết bị - Phụ trách đào tạo chuyển giao công nghệ B2B','2023-10-23 04:49:01','2023-10-23 04:49:01'),(49,28,'Hỗ trợ team Sản xuất thực hiện đơn hàng','2023-10-23 04:49:20','2023-10-23 04:49:20'),(50,28,'Hỗ trợ trao đổi với khách nước ngoài hoặc Hãng về các vấn đề kỹ thuật','2023-10-23 04:50:11','2023-10-23 04:50:11'),(51,23,'Nghiên cứu ứng dụng công nghệ, phương pháp mới để phát triển dịch vụ TKKDCN','2023-10-23 06:13:17','2023-10-23 06:13:17'),(52,23,'Thực hiện hỗ trợ các dự án TKKD','2023-10-23 06:13:39','2023-10-23 06:13:39'),(53,23,'Hỗ trợ thực hiện các công việc thiết kế graphic cho các BP khác','2023-10-23 06:14:06','2023-10-23 06:14:06'),(54,24,'Tối ưu hóa kết cấu (MD) các đơn hàng TKKD','2023-10-23 06:38:30','2023-10-23 06:38:30'),(55,24,'Hỗ trợ thực hiện các đơn hàng thiết kế ngược','2023-10-23 06:38:53','2023-10-23 06:38:53'),(56,24,'Đào tạo các khóa học B2C về phần mềm Geomagic Design X','2023-10-23 06:39:50','2023-10-23 06:39:50'),(58,20,'Tìm kiếm đối tác, khách hàng mới','2023-10-23 06:53:40','2023-10-23 06:53:40'),(59,20,'Chăm sóc các khách hàng thân thiết, đối tác lâu năm','2023-10-23 06:54:09','2023-10-23 06:54:09'),(60,20,'Tư vấn đúng & đủ thông tin kỹ thuật cho khách hàng','2023-10-23 06:54:55','2023-10-23 07:04:16'),(61,20,'Tập trung vào các Big Deals - đơn hàng giá trị lớn hoặc của khách hàng/ đối tác quan trọng','2023-10-23 06:56:02','2023-10-23 06:56:02'),(62,21,'Tìm kiếm đối tác, khách hàng mới','2023-10-23 07:25:29','2023-10-23 07:25:29'),(63,21,'Chăm sóc các khách hàng thân thiết, đối tác lâu năm','2023-10-23 07:25:41','2023-10-23 07:25:41'),(64,21,'Tư vấn đúng & đủ thông tin kỹ thuật cho khách hàng','2023-10-23 07:25:53','2023-10-23 07:25:53'),(65,51,'Chịu trách nhiệm truyền thông, quảng bá cho tất cả dịch vụ của 3Dm','2023-10-23 07:51:26','2023-10-23 07:51:51'),(66,51,'Lên kế hoạch marketing tổng thể','2023-10-23 07:53:56','2023-10-23 07:54:25'),(67,51,'Phối hợp triển khai các sự kiện, triển lãm, hội thảo, tài trợ','2023-10-23 07:56:47','2023-10-23 07:56:47'),(68,44,'Thực hiện các đơn hàng dịch vụ in 3D & quét 3D','2023-10-23 08:30:27','2023-10-23 08:30:27'),(69,44,'Thiết kế 3D sản phẩm & layout khu vực sản xuất','2023-10-23 08:31:04','2023-10-23 08:31:04'),(70,44,'Hỗ trợ quản lý công việc kiểm tra chất lượng (Quality Control) sản phẩm','2023-10-23 08:31:53','2023-10-23 08:31:53'),(71,17,'Chăm sóc - xây dựng dự án','2023-12-07 06:43:23','2023-12-07 09:23:27'),(72,17,'Chuyển đổi só','2023-12-07 06:44:09','2023-12-07 09:24:49'),(73,17,'Xây dựng các đại lý thiết bị','2023-12-07 06:45:31','2023-12-07 09:26:22'),(74,17,'Chăm sóc','2023-12-07 06:46:08','2023-12-07 09:28:04'),(75,17,'Hỗ trợ','2023-12-07 06:46:26','2023-12-07 09:32:31'),(76,17,'Đào tạo','2023-12-07 06:46:47','2023-12-07 09:32:17'),(77,5,'Phiên Dịch','2023-12-07 07:21:20','2023-12-07 07:51:35'),(79,5,'Hỗ trợ Marketing','2023-12-07 07:26:10','2024-02-01 03:53:55'),(82,5,'Lịch làm việc, công tác TGĐ','2023-12-07 07:29:35','2024-02-01 03:55:57'),(84,14,'Bán hàng','2023-12-07 09:47:29','2023-12-07 09:47:29'),(85,14,'Hỗ trợ kỹ thuật','2023-12-07 09:49:17','2023-12-07 09:49:17'),(86,11,'Bán hàng','2023-12-07 10:12:27','2023-12-07 10:12:27'),(87,11,'Chào bán máy quét 3D và máy in 3D desktop','2023-12-07 10:14:30','2023-12-07 10:14:30'),(88,11,'Chào bán dịch vụ quét và in 3D','2023-12-07 10:15:00','2023-12-07 10:15:09'),(89,9,'Tìm kiếm khách hàng','2023-12-08 01:15:54','2023-12-08 01:15:54'),(90,9,'Bán hàng','2023-12-08 01:16:33','2023-12-08 01:16:33'),(91,9,'Phát triển kinh doanh','2023-12-08 01:20:35','2023-12-08 01:20:35'),(92,9,'Chăm sóc KH','2023-12-08 01:21:28','2023-12-08 01:21:28'),(93,9,'Hoàn thành các task được giao','2023-12-08 01:22:13','2023-12-08 01:22:13'),(94,10,'Đào tạo','2023-12-08 03:11:26','2023-12-08 03:11:26'),(95,10,'Chăm sóc','2023-12-08 03:12:19','2023-12-08 03:12:19'),(96,10,'Phát triển','2023-12-08 03:17:03','2023-12-08 03:17:03'),(97,10,'Khác','2023-12-08 03:20:29','2023-12-08 03:20:29'),(98,31,'Liên hệ khách hàng','2023-12-08 03:36:52','2023-12-08 03:36:52'),(99,31,'Cập nhật dữ liệu','2023-12-08 03:38:56','2023-12-08 03:38:56'),(100,19,'Quản lý vận hành để đảm bảo công việc được thực hiện theo đúng quy trình, quy định (trừ quy trình kinh doanh)','2023-12-08 03:43:08','2023-12-08 03:43:08'),(101,19,'Quản lý và kiểm soát tài sản, cơ sở vật chất, dụng cụ, thiết bị  máy móc ,…của Công ty cụ thể:','2023-12-08 03:44:26','2023-12-08 07:42:30'),(102,37,'Thiết kế & lập trình','2023-12-08 03:54:43','2023-12-08 03:55:31'),(103,37,'Quản lý','2023-12-08 03:55:55','2023-12-08 03:55:55'),(104,37,'Hỗ trợ','2023-12-08 03:58:50','2023-12-08 03:58:50'),(105,19,'Education','2023-12-08 07:33:03','2023-12-08 07:33:03'),(111,29,'Quản lý , Theo dõi , Thực hiện mua hàng , Làm việc trực tiếp với hãng CNC Software, và các hãng phần mềm khác… -	Làm việc với các bên luật, công ty đại diện Mastercam VN','2023-12-11 10:17:27','2023-12-11 10:18:26'),(112,29,'Quản lý KPI BP.KD','2023-12-11 10:19:19','2023-12-11 10:20:10'),(113,29,'Báo cáo','2023-12-11 10:21:34','2023-12-11 10:21:34'),(114,29,'Soạn theo dõi hồ sơ mua hàng','2023-12-11 10:22:41','2023-12-11 10:22:41'),(115,29,'Admin','2023-12-11 10:24:21','2023-12-11 10:24:32'),(116,29,'Khác','2023-12-11 10:25:35','2023-12-11 10:25:35'),(117,7,'Quản lý & giám sát','2023-12-12 01:42:32','2023-12-12 01:47:33'),(118,7,'Lập BCTC, BCKT','2023-12-12 01:43:15','2023-12-12 01:47:21'),(119,7,'Tư vấn BGĐ','2023-12-12 01:43:54','2023-12-12 01:47:11'),(120,7,'Kêu gọi vốn','2023-12-12 01:44:19','2024-01-04 09:22:32'),(121,7,'Thanh khoản','2023-12-12 01:44:58','2023-12-12 01:46:44'),(122,7,'Kiểm tra','2023-12-12 01:45:32','2023-12-12 01:46:33'),(123,54,'Truyền Thông','2024-01-04 08:17:21','2024-01-04 08:17:21'),(124,54,'Liên kết với các phòng ban','2024-01-04 08:18:15','2024-01-04 08:18:15'),(125,54,'Ứng phó khẩn cấp','2024-01-04 08:21:59','2024-01-04 08:21:59'),(126,54,'Hòa giải - cầu nối với nhân viên','2024-01-04 08:22:48','2024-01-04 08:23:30'),(127,54,'Tạo nguồn ứng viên','2024-01-04 08:24:00','2024-01-04 08:24:00'),(128,54,'Các công việc khác do BOD yêu cầu.','2024-01-04 08:24:37','2024-01-04 08:24:37'),(129,57,'In 3D','2024-01-04 08:49:04','2024-01-04 08:49:04'),(130,57,'Bán hàng online','2024-01-04 08:49:44','2024-01-04 08:49:44'),(131,57,'Lập kế hoạch','2024-01-04 08:50:20','2024-01-04 08:50:20'),(132,57,'Chịu trách nhiệm kết quả','2024-01-04 08:51:06','2024-01-04 08:51:06'),(133,57,'Triển khai chương trình Marketing','2024-01-04 08:51:46','2024-01-04 08:51:46'),(134,57,'Phát triện đội , nhóm','2024-01-04 08:52:21','2024-01-04 08:52:21'),(135,57,'Xây dựng','2024-01-04 08:52:54','2024-01-04 08:52:54'),(136,57,'Báo cáo','2024-01-04 08:53:26','2024-01-04 08:53:26'),(137,57,'Khác','2024-01-04 08:53:59','2024-01-04 08:53:59'),(138,60,'Lên kế hoạch sản xuất video','2024-01-04 09:08:47','2024-01-04 09:08:47'),(139,60,'Thực hiện video','2024-01-04 09:09:36','2024-01-04 09:09:36'),(140,60,'Phối hợp với kỹ thuật','2024-01-04 09:11:00','2024-01-04 09:11:00'),(141,60,'Phối hợp với Marketing','2024-01-04 09:11:29','2024-01-04 09:11:29'),(142,52,'Giám sát hệ thống','2024-01-04 09:42:31','2024-01-04 09:42:31'),(143,52,'Update hệ thống','2024-01-04 10:13:17','2024-01-04 10:13:17'),(144,52,'Bảo trì','2024-01-04 10:14:33','2024-01-04 10:14:33'),(145,52,'Xây dựng','2024-01-04 10:15:20','2024-01-04 10:15:20'),(146,52,'Khác','2024-01-04 10:15:51','2024-01-04 10:15:51'),(147,58,'Lập kế họach','2024-01-05 08:43:23','2024-01-05 08:48:29'),(148,58,'Xây dựng chương trình','2024-01-05 08:45:15','2024-01-05 08:49:42'),(149,58,'Thao tác hệ thống','2024-01-05 08:45:47','2024-01-05 08:50:30'),(150,58,'Báo cáo','2024-01-05 08:45:57','2024-01-05 08:50:58'),(151,30,'Thủ tục hành chính kinh doanh','2024-01-22 09:18:49','2024-01-22 09:18:49'),(152,30,'Làm việc trực tiếp với hãng (nhà cung cấp)','2024-01-22 09:19:34','2024-01-22 09:19:34'),(153,30,'Phụ trách Khách hàng','2024-01-22 09:20:20','2024-01-22 09:20:20'),(154,30,'Hồ sơ đấu thầu','2024-01-22 09:20:44','2024-01-22 09:20:44'),(155,30,'Khác','2024-01-22 09:21:08','2024-01-22 09:21:08'),(156,36,'Nghiệp vụ Kế toán','2024-01-22 09:26:39','2024-01-22 09:26:39'),(157,36,'Công nợ, tồn kho','2024-01-22 09:27:44','2024-01-22 09:27:44'),(158,36,'Hóa đơn, chứng từ','2024-01-22 09:28:13','2024-01-22 09:28:13'),(159,36,'Hệ thống, phần mềm','2024-01-22 09:28:46','2024-01-22 09:28:46'),(161,8,'Tuyển dụng','2024-01-29 09:20:09','2024-01-29 09:20:09'),(162,8,'Hành chính- Nhân sự','2024-01-29 09:22:23','2024-01-29 09:22:37'),(163,8,'Báo cáo/Khác','2024-01-29 09:23:47','2024-01-29 09:23:59'),(164,39,'Đón khác/ thư từ','2024-01-29 10:18:42','2024-01-29 10:18:42'),(165,39,'Tổng đài, ZALO OA, Fanpage','2024-01-29 10:20:07','2024-01-29 10:21:01'),(166,39,'Đơn hàng, vận chuyển','2024-01-29 10:21:17','2024-01-29 10:22:06'),(167,39,'Hành Chính','2024-01-29 10:22:22','2024-01-29 10:22:47'),(168,53,'Đo kiểm toàn bộ mẫu in & scan 3D.','2024-01-29 10:27:44','2024-01-29 10:27:44'),(169,53,'QC toàn bộ tài liệu liên quan đến các đơn hàng trước khi đưa vào sản xuất.','2024-01-29 10:28:09','2024-01-29 10:28:09'),(170,53,'Xử lý Scan 3D only , Thiết kế ngược một số mẫu basic.','2024-01-29 10:28:20','2024-01-29 10:28:20'),(171,53,'Tham gia xử lý các mẫu in tại công đoạn làm nguội.','2024-01-29 10:28:29','2024-01-29 10:28:29'),(172,53,'Các công việc khác do Quản lý & BOD yêu cầu','2024-01-29 10:28:41','2024-01-29 10:28:41'),(173,22,'Thiết kế đồ họa 3D','2024-01-30 04:29:43','2024-01-30 04:29:43'),(174,22,'Thiết kế khác','2024-01-30 04:33:36','2024-01-30 04:33:36'),(175,5,'Theo dõi công việc các phòng ban','2024-02-01 03:56:57','2024-02-01 03:56:57'),(176,5,'Đối tác nước ngoài','2024-02-01 03:58:15','2024-02-01 03:58:15'),(177,5,'Thủ tục hành chính, giấy tờ TGĐ','2024-02-01 03:58:30','2024-02-01 03:58:30'),(178,5,'Văn hóa doanh nghiệp','2024-02-01 04:03:20','2024-02-01 04:03:20'),(179,32,'Nghiên cứu và phát triển','2024-02-03 07:16:09','2024-02-03 07:16:55'),(180,32,'Biên soạn, cập nhật tài liệu','2024-02-03 07:17:34','2024-02-03 07:17:34'),(181,32,'Đào tạo kỹ thuật','2024-02-03 07:18:03','2024-02-03 07:18:09'),(182,32,'Hỗ trợ kỹ thuật sau bán hàng','2024-02-03 07:18:56','2024-02-03 07:18:56'),(183,4,'Quản lý nghiên cứu ứng dụng','2024-02-03 07:24:23','2024-02-03 07:25:12'),(184,4,'Quản lý chuyển giao kỹ thuật','2024-02-03 07:25:31','2024-02-03 07:25:31'),(185,4,'Tư vấn và xây dựng quy trình','2024-02-03 07:26:14','2024-02-03 07:26:14'),(186,4,'Hỗ trợ kỹ thuật','2024-02-03 07:26:52','2024-02-03 07:26:52'),(187,4,'Quản lý chất lượng, quy trình','2024-02-03 07:27:30','2024-02-03 07:27:30'),(188,4,'Đối tác','2024-02-03 07:28:03','2024-02-03 07:28:03'),(189,4,'Đào tạo','2024-02-03 07:28:59','2024-02-03 07:28:59');
/*!40000 ALTER TABLE `tochuc___nhiem_vu` ENABLE KEYS */;
UNLOCK TABLES;

--
-- Table structure for table `tochuc___tham_quyen`
--

DROP TABLE IF EXISTS `tochuc___tham_quyen`;
/*!40101 SET @saved_cs_client     = @@character_set_client */;
/*!50503 SET character_set_client = utf8mb4 */;
CREATE TABLE `tochuc___tham_quyen` (
  `id` int unsigned NOT NULL AUTO_INCREMENT,
  `noi_dung` text CHARACTER SET utf8mb4 COLLATE utf8mb4_unicode_ci NOT NULL,
  `id_vi_tri` int unsigned NOT NULL,
  `loai` tinyint(1) NOT NULL DEFAULT '1',
  `created_at` timestamp NULL DEFAULT NULL,
  `updated_at` timestamp NULL DEFAULT NULL,
  PRIMARY KEY (`id`),
  KEY `tham_quyen_id_vi_tri_foreign` (`id_vi_tri`),
  CONSTRAINT `tham_quyen_id_vi_tri_foreign` FOREIGN KEY (`id_vi_tri`) REFERENCES `tochuc___vi_tri` (`id`)
) ENGINE=InnoDB AUTO_INCREMENT=151 DEFAULT CHARSET=utf8mb4 COLLATE=utf8mb4_unicode_ci;
/*!40101 SET character_set_client = @saved_cs_client */;

--
-- Dumping data for table `tochuc___tham_quyen`
--

LOCK TABLES `tochuc___tham_quyen` WRITE;
/*!40000 ALTER TABLE `tochuc___tham_quyen` DISABLE KEYS */;
INSERT INTO `tochuc___tham_quyen` VALUES (1,'Test bên trong',17,0,'2023-09-07 04:15:24','2023-09-07 04:15:24'),(2,'Test bên trong',17,0,'2023-09-07 04:15:31','2023-09-07 04:15:31'),(3,'Test bên trong',17,0,'2023-09-07 04:15:36','2023-09-07 04:15:36'),(8,'Mua hàng khi hết tồn kho',10,1,'2023-10-13 01:48:41','2023-12-08 03:22:42'),(11,'Yêu cầu mua hàng trong vòng 10 ngày khi phát sinh đơn hàng',10,2,'2023-10-13 04:18:24','2023-12-08 03:23:32'),(12,'Cách cấu hình Automation',38,1,'2023-10-16 02:06:16','2023-10-16 02:06:16'),(13,'Các thiết bị cần mua mới/thay thế để phục vụ công việc',38,1,'2023-10-16 02:07:00','2023-10-16 02:07:00'),(14,'Cải tiến các hệ thống trong công ty',38,1,'2023-10-16 02:07:22','2023-10-16 02:07:22'),(15,'Từ chối cài đặt phần mềm bị cấm theo danh sách của công ty',38,2,'2023-10-16 02:08:04','2023-10-16 02:08:14'),(16,'Thay đổi mật khẩu hoặc xóa tài khoản của nhân viên trong hệ thống khi cần thiết',38,2,'2023-10-16 02:09:38','2023-10-16 02:09:38'),(17,'Ngắt kết nối máy chủ khi cần thiết',38,2,'2023-10-16 02:10:36','2023-10-16 02:10:36'),(22,'Đặt mua công cụ dụng cụ phục vụ sản xuất & tối ưu quy trình thực hiện đơn hàng',25,1,'2023-10-20 04:59:32','2023-10-20 04:59:32'),(23,'Áp dụng quy chế thưởng - phạt, đánh giá quá trình làm việc của nhân viên, đề xuất tái ký HĐLĐ / gia hạn / sa thải',25,1,'2023-10-20 05:00:53','2023-10-20 05:00:53'),(24,'Giải pháp/ chính sách tối ưu môi trường làm việc cho nhân viên cấp dưới',25,1,'2023-10-20 05:01:33','2023-10-20 05:01:33'),(25,'Sắp xếp, điều phối nhân sự trong tem thực hiện đơn hàng',25,2,'2023-10-20 10:12:34','2023-10-20 10:12:34'),(26,'Chấp nhận / từ chối hỗ trợ nếu trái quy trình hoặc phát sinh chi phí (chưa được duyệt) của công ty',25,2,'2023-10-20 10:13:33','2023-10-20 10:13:33'),(27,'QC mẫu in / file scan 3D trước khi bàn giao cho BP Kinh doanh hoặc khách hàng',25,2,'2023-10-20 10:14:25','2023-10-20 10:14:25'),(28,'Đề xuất giải pháp tối ưu để nâng cao năng suất, rút ngắn thời gian xử lý đơn hàng',27,1,'2023-10-23 03:52:54','2023-10-23 03:52:54'),(29,'Dùng kiến thức chuyên môn để tư vấn nội bộ của BP Kinh Doanh hoặc khách hàng cách chọn máy quét 3D, cách thức thao tác phù hợp...',27,1,'2023-10-23 03:53:44','2023-10-23 03:53:44'),(30,'Phương thức thực hiện đơn hàng đảm bảo hiệu quả',27,2,'2023-10-23 03:54:33','2023-10-23 03:54:33'),(31,'Từ chối thực hiện các đơn hàng quét 3D không đảm bảo an toàn lao động theo yêu cầu/ thỏa thuận',27,2,'2023-10-23 03:55:11','2023-10-23 03:55:11'),(32,'Phát hiện vấn đề hay lỗi máy móc, đề xuất phương án cải tiến hoặc sửa chữa kịp thời',26,1,'2023-10-23 04:39:01','2023-10-23 04:39:01'),(33,'Đặt mua công cụ dụng cụ phục vụ sản xuất & tối ưu quy trình thực hiện đơn hàng',26,1,'2023-10-23 04:39:14','2023-10-23 04:39:14'),(34,'Đề xuất các giải pháp tối ưu quy trình làm nguội, đóng gói, setup & vận hành máy móc, sử dụng tiết kiệm CCDC...',26,1,'2023-10-23 04:39:57','2023-10-23 04:39:57'),(35,'Đề xuất giải pháp tối ưu để nâng cao năng suất thiết kế ngược/ quét 3D, rút ngắn thời gian xử lý đơn hàng',28,1,'2023-10-23 04:57:16','2023-10-23 04:57:55'),(36,'Dùng kiến thức chuyên môn để tư vấn nội bộ của BP Kinh Doanh hoặc khách hàng cách chọn máy quét 3D, cách thức thao tác phù hợp...',28,1,'2023-10-23 04:57:34','2023-10-23 04:57:34'),(37,'Từ chối thực hiện các đơn hàng quét 3D không đảm bảo an toàn lao động theo yêu cầu/ thỏa thuận',28,2,'2023-10-23 04:58:09','2023-10-23 04:58:09'),(38,'Phương thức thực hiện đơn hàng đảm bảo hiệu quả',28,2,'2023-10-23 04:58:24','2023-10-23 04:58:24'),(39,'Phương thức thực hiện đơn hàng đảm bảo hiệu quả',26,2,'2023-10-23 04:58:57','2023-10-23 04:58:57'),(40,'Đề xuất các ý tưởng, giải pháp phát triển dịch vụ mới',23,1,'2023-10-23 06:27:41','2023-10-23 06:27:41'),(41,'Đề xuất các nội dung công việc, quyền lợi của cá nhân & các thành viên trong quá trình làm việc',23,1,'2023-10-23 06:28:19','2023-10-23 06:28:19'),(42,'Lựa chọn template phù hợp từng yêu cầu thiết kế graphic',23,2,'2023-10-23 06:28:55','2023-10-23 06:28:55'),(43,'Đề xuất giải pháp tối ưu thiết kế trong MD và thiết kế ngược',24,1,'2023-10-23 06:49:51','2023-10-23 06:49:51'),(44,'Các chương trình/ giải pháp thúc đẩy bán hàng',20,1,'2023-10-23 07:14:16','2023-10-23 07:14:27'),(45,'Bộ sales-kit bán hàng/ POSM phục vụ tiếp cận khách hàng',20,1,'2023-10-23 07:14:59','2023-10-23 07:14:59'),(46,'Thương thảo nội dung hợp tác với đối tác, khách hàng dựa trên quy định, chính sách công ty đã ban hành',20,2,'2023-10-23 07:15:42','2023-10-23 07:15:42'),(47,'Các chương trình/ giải pháp thúc đẩy bán hàng',21,1,'2023-10-23 07:35:25','2023-10-23 07:35:25'),(48,'Bộ sales-kit bán hàng/ POSM phục vụ tiếp cận khách hàng',21,1,'2023-10-23 07:35:42','2023-10-23 07:35:42'),(49,'Thương thảo nội dung hợp tác với đối tác, khách hàng dựa trên quy định, chính sách công ty đã ban hành',21,2,'2023-10-23 07:36:07','2023-10-23 07:36:07'),(50,'Công cụ marketing cụ thể từng chiến dịch và mảng dịch vụ',51,1,'2023-10-23 07:59:48','2023-10-23 07:59:48'),(51,'Tái sử dụng các file dữ liệu nguồn marketing cũ trên các nền tảng khác',51,1,'2023-10-23 08:00:39','2023-10-23 08:00:39'),(52,'Sáng tạo ý tưởng viết bài content, các video clip đăng tải social',51,2,'2023-10-23 08:01:37','2023-10-23 08:01:37'),(53,'Đối với các dự án thường đã dự trù thêm các chi phí có thể phát sinh trong giá dự án',17,1,'2023-12-07 06:50:03','2023-12-07 06:50:03'),(54,'Các chi phí, cafe, tiếp khách',17,1,'2023-12-07 06:50:39','2023-12-07 06:50:39'),(55,'Một số đơn hàng có thể phát sinh cạnh tranh giá',17,1,'2023-12-07 06:51:15','2023-12-07 06:51:15'),(56,'Chính sách, quyền lợi hợp lý cho NLĐ, Doanh nghiệp',5,1,'2023-12-07 07:31:51','2023-12-07 07:31:51'),(57,'Các đơn vị NCC, Đối tác hãng uy tín, các điều khoản liên quan mua hàng quốc tế, hợp đồng...',5,1,'2023-12-07 09:20:14','2023-12-07 09:20:30'),(58,'Công việc liên quan MKT, Đối tác, HC-NS',5,1,'2023-12-07 09:21:03','2023-12-07 09:21:03'),(59,'Duyệt các khoảng chi ngoài <= 3tr cần thiết kế đẩy nhanh tiến độ xử lý hồ sơ',17,2,'2023-12-07 09:35:08','2023-12-07 09:35:08'),(60,'Duyệt các khoản chi <= 2 tr/tháng',17,2,'2023-12-07 09:37:42','2023-12-07 09:37:42'),(61,'Duyệt giảm giá <=3% trên giá price list',17,2,'2023-12-07 09:38:54','2023-12-07 09:38:54'),(62,'Chăm sóc khách hàng thương xuyên',14,1,'2023-12-07 09:50:42','2023-12-07 09:50:42'),(63,'Đi triễn lãm nhiều hơn',14,1,'2023-12-07 09:51:01','2023-12-07 09:51:01'),(64,'01-02 nhân sự Sales Engineer cho mảng máy in 3D công nghiệp sau khi đạt được cam kết target doanh số với BGĐ',11,1,'2023-12-07 10:18:37','2023-12-07 10:18:37'),(65,'Nhận chỉ thị và các kế hoạch, định hướng từ BGĐ và CEO về triển khai cho nội bộ team sales máy in 3D công nghiệp',11,2,'2023-12-07 10:20:20','2023-12-07 10:20:20'),(66,'Ý tưởng kinh doanh, ý tưởng bán hàng',9,1,'2023-12-08 01:23:17','2023-12-08 01:23:17'),(67,'Cải thiện quy trình bán hàng',9,1,'2023-12-08 01:23:39','2023-12-08 01:23:39'),(68,'Tham khảo ý kiến BOD',9,2,'2023-12-08 01:24:16','2023-12-08 01:24:16'),(69,'Đề xuất các trang thiết bị để hỗ trợ cho công việc, đề xuất nguồn nhân lực trợ giúp nếu thấy quá tải.',37,1,'2023-12-08 04:01:43','2023-12-08 04:01:43'),(70,'Đề xuất các ý tưởng và sáng kiến trong quá trình vận hành, thực hiện công việc để tiết kiệm thời gian & hiệu quả hơn.',37,1,'2023-12-08 04:01:56','2023-12-08 04:01:56'),(71,'Đề xuất thay đổi nếu thấy công việc không phù hợp, không đúng chuyên môn.',37,1,'2023-12-08 04:02:08','2023-12-08 04:02:08'),(72,'Được ra quyết định sau khi tham khảo ý kiến từ Trưởng bộ phận.',37,2,'2023-12-08 04:02:21','2023-12-08 04:02:35'),(73,'Phải tham khảo với Quản lý trực tiếp & TGĐ để ra quyết định.',37,2,'2023-12-08 04:02:51','2023-12-08 04:02:51'),(74,'Tham khảo Quản lý trực tiếp để ra quyết định',37,2,'2023-12-08 04:03:07','2023-12-08 04:03:07'),(75,'Đề xuất các trang thiết bị để hỗ trợ cho công việc, đề xuất  nguồn nhân lực trợ giúp nếu thấy quá tải',19,1,'2023-12-11 04:29:13','2023-12-11 04:29:13'),(76,'Đề xuất các ý tưởng và sáng kiến trong quá trình vận hành,  thực hiện công việc để tiết kiệm thời gian & hiệu quả hơn',19,1,'2023-12-11 04:29:32','2023-12-11 04:29:32'),(77,'Đề xuất thay đổi nếu thấy công việc không phù hợp, không  đúng chuyên môn.',19,1,'2023-12-11 04:29:49','2023-12-11 04:29:49'),(78,'Được ra quyết định sau khi tham khảo ý kiến từ  Trưởng bộ phận',19,2,'2023-12-11 04:30:13','2023-12-11 04:30:13'),(79,'Phải tham khảo với Quản lý trực tiếp & TGĐ để ra  quyết định',19,2,'2023-12-11 04:30:30','2023-12-11 04:36:17'),(80,'Tham khảo Quản lý trực tiếp để ra quyết định',19,2,'2023-12-11 04:30:54','2023-12-11 04:36:32'),(81,'Đề xuất các trang thiết bị để hỗ trợ cho công việc, đề xuất nguồn nhân lực trợ giúp nếu thấy quá tải. Đề xuất các ý tưởng và sáng kiến trong quá trình vận hành, thực hiện công việc để tiết kiệm thời gian & hiệu quả hơn. Đề xuất thay đổi nếu thấy công việc không phù hợp, không đúng chuyên môn.',29,1,'2023-12-11 10:29:13','2023-12-11 10:29:13'),(82,'Được ra quyết định sau khi tham khảo ý kiến từ Trưởng bộ phận. Phải tham khảo với Quản lý trực tiếp & TGĐ để ra quyết định. Tham khảo Quản lý trực tiếp để ra quyết định',29,2,'2023-12-11 10:29:32','2023-12-11 10:29:32'),(83,'Đề xuất các trang thiết bị để hỗ trợ cho công việc, đề xuất nguồn nhân lực trợ giúp nếu thấy quá tải.',54,1,'2024-01-04 08:28:21','2024-01-04 08:28:21'),(84,'Đề xuất các ý tưởng và sáng kiến trong quá trình vận hành, thực hiện công việc để tiết kiệm thời gian & hiệu quả hơn.',54,1,'2024-01-04 08:28:34','2024-01-04 08:28:34'),(85,'Đề xuất thay đổi nếu thấy công việc không phù hợp, không đúng chuyên môn.',54,1,'2024-01-04 08:28:50','2024-01-04 08:28:50'),(86,'Được ra quyết định sau khi tham khảo ý kiến từ Trưởng bộ phận.',54,2,'2024-01-04 08:29:26','2024-01-04 08:29:26'),(87,'Phải tham khảo với Quản lý trực tiếp & TGĐ để ra quyết định.',54,2,'2024-01-04 08:29:43','2024-01-04 08:29:43'),(88,'Tham khảo Quản lý trực tiếp để ra quyết định',54,2,'2024-01-04 08:30:01','2024-01-04 08:30:01'),(89,'Cải tiến quy trình quản lý của bộ phận.',57,1,'2024-01-04 08:54:24','2024-01-04 08:54:24'),(90,'Các chương trình đào tạo huấn luyện cho nhân viên cấp dưới',57,1,'2024-01-04 08:54:38','2024-01-04 08:54:38'),(91,'Thay đổi chương trình bán hàng hoặc các phương án Marketing sản phẩm để đạt kết quả tốt nhất.',57,1,'2024-01-04 08:54:56','2024-01-04 08:54:56'),(92,'Được ra quyết định sau khi tham khảo ý kiến từ TGĐ.',57,2,'2024-01-04 08:56:24','2024-01-04 08:56:24'),(93,'Được tự quyết định nếu là nội bộ (sau khi tham khảo từ BGĐ).',57,2,'2024-01-04 08:56:43','2024-01-04 08:56:43'),(94,'Đào tạo bên ngoài - phải xin ý kiến BGĐ trước khi ra quyết định.',57,2,'2024-01-04 08:57:03','2024-01-04 08:57:03'),(95,'Lên phương án và trình TGĐ để ra quyết định',57,2,'2024-01-04 08:57:21','2024-01-04 08:57:21'),(96,'Đề xuất các trang thiết bị để hỗ trợ cho công việc, đề xuất nguồn nhân lực trợ giúp nếu thấy quá tải.',60,1,'2024-01-04 09:15:20','2024-01-04 09:15:20'),(97,'Đề xuất các ý tưởng và sáng kiến trong quá trình vận hành, thực hiện công việc để tiết kiệm thời gian & hiệu quả hơn.',60,1,'2024-01-04 09:15:30','2024-01-04 09:15:30'),(98,'Đề xuất thay đổi nếu thấy công việc không phù hợp, không đúng chuyên môn.',60,1,'2024-01-04 09:15:40','2024-01-04 09:15:40'),(99,'Được ra quyết định sau khi tham khảo ý kiến từ Trưởng bộ phận.',60,2,'2024-01-04 09:15:54','2024-01-04 09:15:54'),(100,'Phải tham khảo với Quản lý trực tiếp & TGĐ để ra quyết định.',60,2,'2024-01-04 09:16:08','2024-01-04 09:16:08'),(101,'Tham khảo Quản lý trực tiếp để ra quyết định',60,2,'2024-01-04 09:16:20','2024-01-04 09:16:20'),(102,'Đề xuất các trang thiết bị để hỗ trợ cho công việc, đề xuất nguồn nhân lực trợ giúp nếu thấy quá tải.',58,1,'2024-01-05 09:01:36','2024-01-05 09:01:36'),(103,'Được ra quyết định sau khi tham khảo ý kiến từ Trưởng bộ phận.',58,2,'2024-01-05 09:01:55','2024-01-05 09:01:55'),(104,'Đề xuất các ý tưởng và sáng kiến trong quá trình vận hành, thực hiện công việc để tiết kiệm thời gian & hiệu quả hơn.',58,1,'2024-01-05 09:02:06','2024-01-05 09:02:06'),(105,'Đề xuất thay đổi nếu thấy công việc không phù hợp, không đúng chuyên môn.',58,1,'2024-01-05 09:02:17','2024-01-05 09:02:17'),(106,'Phải tham khảo với Trưởng bộ phận & TGĐ để ra quyết định.',58,2,'2024-01-05 09:02:29','2024-01-05 09:02:29'),(107,'Tham khảo Trưởng bộ phận để ra quyết định',58,2,'2024-01-05 09:02:40','2024-01-05 09:02:40'),(108,'Được ra quyết định sau khi tham khảo ý kiến từ Quản lý trực tiếp.',30,2,'2024-01-22 09:22:13','2024-01-22 09:22:28'),(109,'Đề xuất các trang thiết bị để hỗ trợ cho công việc, đề xuất nguồn nhân lực trợ giúp nếu thấy quá tải.',30,1,'2024-01-22 09:22:43','2024-01-22 09:22:43'),(110,'Đề xuất các ý tưởng và sáng kiến trong quá trình vận hành, thực hiện công việc để tiết kiệm thời gian & hiệu quả hơn.',30,1,'2024-01-22 09:22:54','2024-01-22 09:22:54'),(111,'Phải tham khảo với Quản lý trực tiếp & TGĐ để ra quyết định.',30,2,'2024-01-22 09:23:08','2024-01-22 09:23:08'),(112,'Đề xuất thay đổi nếu thấy công việc không phù hợp, không đúng chuyên môn.',30,1,'2024-01-22 09:23:18','2024-01-22 09:23:18'),(113,'Tham khảo Quản lý để ra quyết định',30,2,'2024-01-22 09:23:28','2024-01-22 09:23:28'),(114,'Đề xuất các trang thiết bị để hỗ trợ cho công việc, đề xuất nguồn nhân lực trợ giúp nếu thấy quá tải.',36,1,'2024-01-22 09:29:15','2024-01-22 09:29:15'),(115,'Được ra quyết định sau khi tham khảo ý kiến từ Trưởng bộ phận.',36,2,'2024-01-22 09:29:26','2024-01-22 09:29:26'),(116,'Đề xuất các ý tưởng và sáng kiến trong quá trình vận hành, thực hiện công việc để tiết kiệm thời gian & hiệu quả hơn.',36,1,'2024-01-22 09:29:35','2024-01-22 09:29:35'),(117,'Đề xuất thay đổi nếu thấy công việc không phù hợp, không đúng chuyên môn.',36,1,'2024-01-22 09:29:43','2024-01-22 09:29:43'),(118,'Phải tham khảo với Trưởng bộ phận & TGĐ để ra quyết định.',36,2,'2024-01-22 09:29:54','2024-01-22 09:29:54'),(119,'Tham khảo Trưởng bộ phận để ra quyết định',36,2,'2024-01-22 09:30:03','2024-01-22 09:30:03'),(120,'Đề xuất các trang thiết bị để hỗ trợ cho công việc, đề xuất nguồn nhân lực trợ giúp nếu thấy quá tải.',8,1,'2024-01-29 09:24:32','2024-01-29 09:24:32'),(121,'Đề xuất các ý tưởng và sáng kiến trong quá trình vận hành, thực hiện công việc để tiết kiệm thời gian & hiệu quả hơn.',8,1,'2024-01-29 09:24:43','2024-01-29 09:24:43'),(122,'Đề xuất thay đổi nếu thấy công việc không phù hợp, không đúng chuyên môn.',8,1,'2024-01-29 09:24:54','2024-01-29 09:24:54'),(123,'Được ra quyết định sau khi tham khảo ý kiến từ Quản lý trực tiếp.',8,2,'2024-01-29 09:25:08','2024-01-29 09:25:08'),(124,'Phải tham khảo với Quản lý trực tiếp & TGĐ để ra quyết định.',8,2,'2024-01-29 09:25:21','2024-01-29 09:25:21'),(125,'Tham khảo Quản lý để ra quyết định',8,2,'2024-01-29 09:25:34','2024-01-29 09:25:34'),(126,'Đề xuất các trang thiết bị để hỗ trợ cho công việc, đề xuất nguồn nhân lực trợ giúp nếu thấy quá tải.',39,1,'2024-01-29 10:23:23','2024-01-29 10:23:23'),(127,'Đề xuất các ý tưởng và sáng kiến trong quá trình vận hành, thực hiện công việc để tiết kiệm thời gian & hiệu quả hơn.',39,1,'2024-01-29 10:23:33','2024-01-29 10:23:33'),(128,'Đề xuất thay đổi nếu thấy công việc không phù hợp, không đúng chuyên môn.',39,1,'2024-01-29 10:23:42','2024-01-29 10:23:42'),(129,'Được ra quyết định sau khi tham khảo ý kiến từ Quản lý trực tiếp.',39,2,'2024-01-29 10:23:54','2024-01-29 10:23:54'),(130,'Phải tham khảo với Quản lý trực tiếp & TGĐ để ra quyết định.',39,2,'2024-01-29 10:24:07','2024-01-29 10:24:07'),(131,'Tham khảo Quản lý để ra quyết định',39,2,'2024-01-29 10:24:19','2024-01-29 10:24:19'),(132,'Đề xuất các trang thiết bị để hỗ trợ cho công việc, đề xuất nguồn nhân lực trợ giúp nếu thấy quá tải.',53,1,'2024-01-29 10:29:25','2024-01-29 10:29:25'),(133,'Đề xuất các ý tưởng và sáng kiến trong quá trình vận hành, thực hiện công việc để tiết kiệm thời gian & hiệu quả hơn.',53,1,'2024-01-29 10:29:35','2024-01-29 10:29:35'),(134,'Đề xuất thay đổi nếu thấy công việc không phù hợp, không đúng chuyên môn.',53,1,'2024-01-29 10:29:42','2024-01-29 10:29:42'),(135,'Được ra quyết định sau khi tham khảo ý kiến từ Trưởng bộ phận.',53,2,'2024-01-29 10:29:52','2024-01-29 10:29:52'),(136,'Phải tham khảo với Quản lý trực tiếp & TGĐ để ra quyết định.',53,2,'2024-01-29 10:30:01','2024-01-29 10:30:01'),(137,'Tham khảo Quản lý trực tiếp để ra quyết định',53,2,'2024-01-29 10:30:18','2024-01-29 10:30:18'),(138,'Đề xuất các ý tưởng và sáng kiến trong quá trình vận hành, thực hiện công việc để tiết kiệm thời gian & hiệu quả hơn.',22,1,'2024-01-30 04:37:24','2024-01-30 04:37:24'),(139,'Đề xuất các trang thiết bị để hỗ trợ cho công việc, đề xuất nguồn nhân lực trợ giúp nếu thấy quá tải.',22,1,'2024-01-30 04:37:35','2024-01-30 04:37:35'),(140,'Đề xuất thay đổi nếu thấy công việc không phù hợp, không đúng chuyên môn.',22,1,'2024-01-30 04:37:46','2024-01-30 04:37:46'),(141,'Được ra quyết định sau khi tham khảo ý kiến từ Trưởng bộ phận.',22,2,'2024-01-30 04:37:55','2024-01-30 04:37:55'),(142,'Phải tham khảo với Quản lý trực tiếp & TGĐ để ra quyết định.',22,2,'2024-01-30 04:38:05','2024-01-30 04:38:05'),(143,'Tham khảo Quản lý trực tiếp để ra quyết định',22,2,'2024-01-30 04:38:16','2024-01-30 04:38:16'),(144,'Đề xuất các trang thiết bị để hỗ trợ cho công việc, đề xuất nguồn nhân lực trợ giúp nếu thấy quá tải.',32,1,'2024-02-03 07:20:00','2024-02-03 07:20:00'),(145,'Đề xuất các ý tưởng và sáng kiến trong quá trình vận hành, thực hiện công việc để tiết kiệm thời gian & hiệu quả hơn.',32,1,'2024-02-03 07:20:10','2024-02-03 07:20:10'),(146,'Đề xuất thay đổi nếu thấy công việc không phù hợp, không đúng chuyên môn.',32,1,'2024-02-03 07:20:21','2024-02-03 07:20:21'),(147,'Được ra quyết định sau khi tham khảo ý kiến từ Trưởng bộ phận.',32,2,'2024-02-03 07:20:32','2024-02-03 07:20:32'),(148,'Phải tham khảo với Quản lý trực tiếp & TGĐ để ra quyết định.',32,2,'2024-02-03 07:20:43','2024-02-03 07:20:43'),(149,'Tham khảo Quản lý trực tiếp để ra quyết định',32,2,'2024-02-03 07:20:52','2024-02-03 07:20:52'),(150,'Tham khảo Quản lý trực tiếp để ra quyết định',32,2,'2024-02-03 07:21:05','2024-02-03 07:21:05');
/*!40000 ALTER TABLE `tochuc___tham_quyen` ENABLE KEYS */;
UNLOCK TABLES;

--
-- Table structure for table `tochuc___vi_tri`
--

DROP TABLE IF EXISTS `tochuc___vi_tri`;
/*!40101 SET @saved_cs_client     = @@character_set_client */;
/*!50503 SET character_set_client = utf8mb4 */;
CREATE TABLE `tochuc___vi_tri` (
  `id` int unsigned NOT NULL AUTO_INCREMENT,
  `ten_vi_tri` text CHARACTER SET utf8mb4 COLLATE utf8mb4_unicode_ci NOT NULL,
  `id_vi_tri_quan_ly` int unsigned NOT NULL,
  `phong_ban` text CHARACTER SET utf8mb4 COLLATE utf8mb4_unicode_ci NOT NULL,
  `noi_lam_viec` text CHARACTER SET utf8mb4 COLLATE utf8mb4_unicode_ci NOT NULL,
  `muc_dich` text CHARACTER SET utf8mb4 COLLATE utf8mb4_unicode_ci NOT NULL,
  `created_at` timestamp NULL DEFAULT NULL,
  `updated_at` timestamp NULL DEFAULT NULL,
  `id_user` bigint unsigned DEFAULT NULL,
  `hien_thi_nhanh` tinyint(1) NOT NULL DEFAULT '1',
  `stt_cap_bac` int NOT NULL DEFAULT '100',
  `stroke` varchar(191) CHARACTER SET utf8mb4 COLLATE utf8mb4_unicode_ci NOT NULL DEFAULT '#000',
  `arrow_start` varchar(191) CHARACTER SET utf8mb4 COLLATE utf8mb4_unicode_ci NOT NULL,
  `arrow_end` varchar(191) CHARACTER SET utf8mb4 COLLATE utf8mb4_unicode_ci NOT NULL,
  `stroke_dasharray` varchar(191) CHARACTER SET utf8mb4 COLLATE utf8mb4_unicode_ci NOT NULL,
  `type` varchar(191) CHARACTER SET utf8mb4 COLLATE utf8mb4_unicode_ci NOT NULL DEFAULT 'step',
  `stackIndent` varchar(191) CHARACTER SET utf8mb4 COLLATE utf8mb4_unicode_ci NOT NULL DEFAULT '30',
  `trang_thai` tinyint(1) NOT NULL DEFAULT '0',
  PRIMARY KEY (`id`),
  KEY `vi_tri_id_vi_tri_quan_ly_foreign` (`id_vi_tri_quan_ly`),
  KEY `vi_tri_id_user_foreign` (`id_user`),
  CONSTRAINT `vi_tri_id_user_foreign` FOREIGN KEY (`id_user`) REFERENCES `users` (`id`) ON DELETE CASCADE ON UPDATE CASCADE,
  CONSTRAINT `vi_tri_id_vi_tri_quan_ly_foreign` FOREIGN KEY (`id_vi_tri_quan_ly`) REFERENCES `tochuc___vi_tri` (`id`)
) ENGINE=InnoDB AUTO_INCREMENT=61 DEFAULT CHARSET=utf8mb4 COLLATE=utf8mb4_unicode_ci;
/*!40101 SET character_set_client = @saved_cs_client */;

--
-- Dumping data for table `tochuc___vi_tri`
--

LOCK TABLES `tochuc___vi_tri` WRITE;
/*!40000 ALTER TABLE `tochuc___vi_tri` DISABLE KEYS */;
INSERT INTO `tochuc___vi_tri` VALUES (1,'Test',1,'Test','Test','Test',NULL,'2023-09-05 04:54:05',900,1,1,'#000','','','','step','30',0),(2,'Chief Executive Officer',1,'Giám đốc','Long Trường','Test','2023-09-04 10:30:41','2023-09-13 01:21:30',14,1,2,'#000','','','','step','30',0),(4,'Application Engineer Manager',2,'AE','Long Trường','-	Quản lý, đào tạo và xây dựng đội ngũ kỹ thuật\n-	Xây dựng, lập kế hoạch nghiên cứu và giám sát triển khai các hoạt động nghiên cứu ứng dụng về thiết bị, phần mềm 3D của công ty\n-	Chịu trách nhiệm chính trong các hoạt động đào tạo, chuyển giao công nghệ của 3DS\n-	Tham gia đào tạo, biên soạn giáo trình cho các khóa học công nghệ do công ty tổ chức\n-	Phối hợp với các phòng ban khác trong việc điều phối nhân sự tham gia các dự án, sự kiện của công ty (marketing, hội thảo, nghiên cứu giải pháp bán hàng)\n-	Hỗ trợ các hoạt động tư vấn bán hàng thương mại và dịch vụ của công ty\n-	Phụ trách liên lạc, quản lý thông tin trao đổi kỹ thuật với các đối tác','2023-09-05 01:32:42','2024-02-03 07:24:04',924,100,12,'#154fc1','','','','step','30',0),(5,'CEO Assistant cum. Coordinator',2,'Trợ lý','Long Trường','- Hỗ trợ Giám Đốc trong các công việc vận hành doanh nghiệp\n- Hỗ trợ các mảng công việc thuộc Marketing, Đối tác.','2023-09-05 02:36:34','2024-02-01 04:05:24',914,1,14,'#000000','','','','step','30',0),(6,'Procurement Director',2,'Kế Toán','Long Trường','Test','2023-09-05 02:38:20','2024-01-04 04:57:56',53,1,3,'#000000','','','','step','30',0),(7,'CEO. Assistant cum. Finance',2,'Kế Toán','Long Trường','- Quản lý & giám sát TC-KT\n- Kết hợp Viva lập BCTC, BCKT\n- Tư vấn BGĐ về phân bổ dòng tiền\n- Kêu gọi vốn đầu tư\n- Thanh khoản Ngân hàng\n- Kiểm tra pháp lý Hợp đồng\n- Hỗ trợ phòng ban\n- Công việc khác','2023-09-05 02:51:22','2024-01-04 09:22:00',137,1,4,'#000000','','','','step','30',0),(8,'Senior HR Executive',2,'HR','Long Trường','-  Quản trị, giám sát nguồn nhân lực toàn bộ Công ty.\n-  Đảm bảo việc tuyển dụng nguồn nhân lực kịp thời khi có biến động.  \n-  Tham mưu BGĐ về việc sắp xếp, bổ nhiệm & phát triển nguồn nhân sự phù hợp.\n-  Đảm bảo các qui chế, lương & phúc lợi cho nhân viên phù hợp mô hình công ty cũng như Luật Lao động.\n-  Tham mưu BGĐ về việc ký kết các HĐ dịch vụ như : Bảo vệ, vệ sinh, đơn vị tuyển dụng,...\n-  Chịu trách nhiệm trước BGĐ về tất cả hoạt động của phòng HCNS.','2023-09-05 02:51:55','2024-01-29 09:05:43',130,1,1,'#d57c15','','','','step','30',0),(9,'Sales Representative',2,'Sales','Long Trường','Tăng doanh số, tạo doanh thu cho công ty, phát triển kinh doanh, quảng bá sản phẩm','2023-09-05 02:53:44','2024-01-04 03:52:24',83,1,9,'#000000','','','','step','30',0),(10,'Sales Engineer',9,'Sales - Kinh doanh bán lẻ','Long Trường, Thủ Đức, TP.HCM','- Đảo bảo doanh số bán hàng do công ty đề ra\n- Chăm sóc khách hàng cũ\n- Mở rộng khách hàng mới\n - Hỗ trợ đào tạo, các sự kiện Marketing liên quan','2023-09-05 02:55:52','2023-12-08 01:28:03',129,1,11,'#000000','','','','step','30',0),(11,'Sales Representative',2,'Sales','Long Trường','- Phụ trách sale máy in 3D công nghiệp: ProtoFab, EOS, 3D Ceram, Modix\n- Hỗ trợ khai thác sales thêm máy in 3D Desktop: Formlabs, Cubicon, máy quét Shining 3D\n- Hỗ trợ team sales dịch vụ để đạt target doanh số cá nhân và team được chỉ định hàng tháng\n- Đảm bảo đạt doanh số và các công việc khác đã cam kết với CEO và Ban Giám đốc','2023-09-05 03:09:23','2024-01-04 09:23:19',134,1,10,'#000000','','','','step','30',0),(12,'Sales Engineer',11,'Sales','Long Trường','Test','2023-09-05 03:10:21','2023-09-05 04:54:05',NULL,1,12,'#000','','','','step','30',0),(14,'Technical Sales',17,'Sales - Kinh doanh bán lẻ','Long Trường','Bán hàng','2023-09-05 03:15:50','2024-01-04 03:53:35',135,1,100,'#000000','','','','step','30',0),(15,'Mastercam Teachnical Manager',2,'Sales','Long Trường','Test','2023-09-05 03:16:59','2024-01-04 05:01:05',77,1,12,'#000000','','','','step','30',0),(17,'PM cum, Digital Transformation',2,'Sales - Dự án','Long Trường 1','Chăm sóc, xây dựng mới các dự án\nPhụ trách mảng chuyển đổi số của 3DS','2023-09-05 03:18:34','2024-01-04 04:16:08',10,1,11,'#000000','','','','step','30',0),(18,'Assitant manager',17,'Sales','Long Trường','Test','2023-09-05 03:26:42','2023-09-05 04:54:05',NULL,1,100,'#000','','','','step','30',0),(19,'Office Manager cum. Education',2,'3DM','Long Trường','- Quản lý và vận hành để đảm bảo công việc được thực hiện theo đúng quy trình, quy định (không \nbao gồm quy trình bán hàng).\n- Quản lý tài sản, đảm bảo nhà xưởng, cơ sở vật chất, thiết bị, máy móc, dụng cụ,.. của Công ty luôn \nđầy đủ, không thiếu hụt, mất mát, gọn gàng, ngăn nắp. Có kế hoạch bảo trì bảo dưỡng theo định \nkỳ.\n- Education: Lập kế hoạch và lên chương trình các khóa đào tạo dài hạn & ngắn hạn, bao \ngồm cả online & offline. Quản lý ứng dụng Etraining.','2023-09-05 03:27:25','2024-01-04 08:42:33',128,1,2,'#18eb14','','','','step','30',0),(20,'3Dm Sales Manager',2,'3DM','Long Trường','- Tư vấn các dịch vụ của 3Dm, chủ lực là in 3D và quét 3D\n- Thương mại máy in 3D, máy quét 3D đảm bảo doanh số chung','2023-09-05 03:28:15','2024-01-04 04:10:18',61,1,11,'#30c026','','','','step','30',0),(21,'3Dm Sales Engineer',20,'3DM','Long Trường','Tư vấn các dịch vụ của 3Dm, chủ lực là thiết kế kiểu dáng công nghiệp & in 3D','2023-09-05 03:28:52','2023-10-23 07:24:17',111,1,100,'#000000','','','','step','30',0),(22,'Industrial Design cum. Graphics',23,'3DM','Long Trường','+ Thiết kế sản phẩm theo yêu cầu của đơn hàng với sự hướng dẫn, điều động của Quản lý trực tiếp.\n+ Thiết kế đồ họa các ấn phẩm sáng tạo và cần thiết cho hoạt động quảng bá và kinh doanh.\n+ Luôn đảm bảo kịp tiến độ cũng như chất lượng công việc.','2023-09-05 03:29:56','2024-01-30 04:28:23',925,1,100,'#000000','','','','step','30',0),(23,'Industrial Design - R&D',2,'3DM','Long trường','- Nghiên cứu phát triển dịch vụ Thiết kế kiểu dáng công nghiệp\n- Thực hiện dự án thiết kế kiểu dáng công nghiệp','2023-09-05 03:30:30','2024-01-04 06:02:44',907,1,12,'#000000','','','','step','30',0),(24,'Mechanical Design',23,'3DM','Long Trường','Chịu trách nhiệm tối ưu hóa kết cấu (MD) trong các đơn hàng TKKD, thiết kế ngược, file scan 3D','2023-09-05 03:30:54','2024-01-04 06:04:09',908,1,1,'#000000','','','','step','30',0),(25,'Production Supervisor',2,'3DM','Long Trường','- Đảm bảo chất lượng sản xuất\n- Tối ưu sản xuất, đảm bảo deadline\n- Điều phối công việc (đơn hàng, đào tạo, sản xuất, sửa chữa...)','2023-09-05 03:31:27','2024-01-04 06:05:37',80,1,12,'#32d91c','','','','step','30',0),(26,'Product Engineer',25,'3DM','Long Trường','Xử lý sau in 3D các đơn hàng dịch vụ','2023-09-05 03:32:07','2023-10-23 04:10:24',909,1,100,'#000000','','','','step','30',0),(27,'Product Engineer',25,'3DM','Long Trường','Trực tiếp thực hiện các vấn đề liên quan đến quét 3D','2023-09-05 03:32:46','2023-10-23 03:44:48',910,1,100,'#000000','','','','step','30',0),(28,'Product Engineer',25,'3DM','Long Trường','Xử lý các đơn hàng dịch vụ thiết kế ngược','2023-09-05 03:33:29','2023-10-23 04:46:11',911,1,100,'#000000','','','','step','30',0),(29,'Sales Admin',17,'Sales','Long Trường','-Hỗ trợ phòng kinh doanh trong quá trình làm việc, chủ yếu về hồ sơ, giấy tờ, công tác bán hàng, chỉ tiêu KPI\n-Thực hiện các công việc do cấp trên giao phó','2023-09-05 03:34:34','2024-01-04 04:25:46',920,1,100,'#000000','','','','step','30',0),(30,'Sales Admin',9,'Sales','Long Trường','- Phụ trách toàn bộ công việc, thủ tục hành chính thuộc bộ phận kinh doanh mảng thiết bị.\n- Làm việc trực tiếp với hãng (nhà cung cấp) về các vấn đề: Credit, Promotion, Price, Register (end user information).\n- Phụ trách các account khách hàng thân thiết, quan trọng và một số đơn hàng của Tổng giám đốc giao.\n- Đấu thầu (chuẩn bị hồ sơ dự thầu).','2023-09-05 03:35:45','2024-01-22 09:18:10',919,1,100,'#000000','','','','step','30',0),(31,'Telesales',57,'Sales','Long Trường','- Thực hiện công việc call cho KH chưa phải là KH của 3DS và KH đã có trên hệ thống CRM Getfly, mục đích là tạo cuộc hện cho các sale, mới khách hàng tham dự những sự kiện do 3DS tổ chức\n- Tìm kiếm và cập nhật thông tinKH lê hệ thống CRM Getfly\n- Hỗ trợ thêm những công việc sales yêu cầu','2023-09-05 03:37:59','2023-12-14 08:34:21',931,1,100,'#000000','','','','step','30',0),(32,'Application Engineer',4,'AE','Long Trường','-	Nghiên cứu và phát triển ứng dụng của máy quét, máy in 3D và phần mềm 3D \n-	Biên soạn, cập nhật tài liệu hướng dẫn sử dụng, tài liệu kỹ thuật cho thiết bị quét và in 3D \n-	Bàn giao và đào tạo sử dụng thiết bị quét và in 3D \n-	Hỗ trợ kỹ thuật cho khách hàng','2023-09-05 03:39:04','2024-02-03 07:15:55',913,1,100,'#000000','','','','step','30',0),(33,'Application Engineer',4,'AE','Long Trường','Test','2023-09-05 03:42:21','2023-09-05 04:54:05',NULL,1,100,'#000','','','','step','30',0),(34,'Product MKT Scanners',4,'AE','Long Trường','Test','2023-09-05 03:42:50','2023-09-05 04:54:05',NULL,1,100,'#000','','','','step','30',0),(35,'Product MKT Printers',4,'AE','Long Trường','Test','2023-09-05 03:43:26','2023-09-05 04:54:05',NULL,1,100,'#000','','','','step','30',0),(36,'General Accountant',7,'Kế Toán','Long Trường','-  Thực hiện, kiểm tra và hạch toán tất cả các nghiệp vụ phát sinh.\n-  Theo dõi và quản lý công nợ, tài sản, công cụ - dụng cụ, hàng tồn kho, …\n-  Đối chiếu số liệu và lập các báo cáo kế toán theo yêu cầu của BGĐ.\n-  Kiểm tra, in ấn và lưu trữ hoá đơn, chứng từ và sổ sách kế toán theo quy định.\n-  Kết hợp với Công ty dịch vụ hoàn thiện hồ sơ thuế và báo cáo phục vụ đối tác bên ngoài.\n-  Xây dựng và hoàn thiện phần mềm kế toán theo định hướng quản trị của BGĐ.\n-  Định hướng Kế toán trưởng hoàn thiện bộ máy kế toán phù hợp theo lộ trình phát triển của BGĐ.','2023-09-05 03:44:41','2024-01-22 09:25:47',922,1,100,'#000000','','','','step','30',0),(37,'Lead Of Developer',2,'IT','Long Trường','-	Thiết kế dữ liệu & lập trình trang chức năng theo yêu cầu\n-	Quản lý hệ thống Getfly\n-	Quản lý website công ty, server công ty \n-	Quản trị hệ thống mail, cloud Mắt Bão','2023-09-05 03:45:31','2024-01-04 06:06:09',1,1,13,'#000000','','','','step','30',0),(38,'Full-Stack Developer',37,'IT','58/6 Võ Văn Hát, phường Long Trường, TP. Thủ Đức, TP. Hồ Chí Minh','Tham gia phát triển về Web,chuyên xây dựng các trang chức năng của Website\nBảo trì và nâng cấp chức năng của website đã có..	\nXử lý các sự cố đơn giản liên quan đến máy vi tính (lỗi win, phần mềm, v.v..)..	\nHỗ trợ cài đặt các thiết bị ngoại vi (máy in, máy photocopy, webcam, máy chiếu, màn hình chiếu, loa, v.v…)\nQuản lý các automation của Getfly CRM 	\nHỗ trợ tạo các template email marketing','2023-09-05 03:46:09','2024-01-19 01:40:02',103,1,100,'#000000','','','','step','30',1),(39,'Admin Receptionist',8,'HR','Long Trường','+ Đảm báo khách vào công ty luôn được tiếp đón trang trọng và lịch sự.\n+ Công việc quản lý Tổng đài, Hotline luôn được đảm nhận cuộc gọi kịp thời và giải đáp chính xác với khách cần được tư vấn.\n+ Đảm bảo việc cập nhật thông tin trên hệ thống (CRM) & Quản lý lưu trữ  (BRM) đầy đủ và logic.','2023-09-05 03:46:45','2024-01-29 10:18:11',915,1,100,'#000000','','','','step','30',0),(40,'Driver',19,'Driver','Long Trường','Test','2023-09-05 03:47:22','2024-01-04 08:16:33',916,1,100,'#000000','','','','step','30',0),(41,'Driver',19,'Driver','Long Trường','Test','2023-09-05 03:47:44','2024-01-04 08:16:19',917,1,1,'#000000','','','','step','30',0),(42,'Tạp vụ',19,'HR','Long Trường','Test','2023-09-05 03:48:17','2024-01-04 08:16:51',NULL,1,100,'#000000','','','','step','30',0),(43,'Bảo vệ',19,'Bảo vệ','Long Trường','Test','2023-09-05 03:48:53','2024-01-04 08:17:02',NULL,1,100,'#000000','','','','step','30',0),(44,'Product Engineer',25,'3DM','Long Trường','- Thực hiện các đơn hàng dịch vụ\n- Xây dựng & biên soạn các quy trình công việc\n- Thiết kế layout các phòng chức năng khu vực sản xuất','2023-09-05 04:36:34','2023-10-23 08:25:35',921,1,100,'#000000','','','','step','30',0),(51,'Product Marketing',57,'3DM','Long Trường','Chịu trách nhiệm truyền thông, quảng bá cho tất cả dịch vụ hiện hữu & khai thác mới của 3Dm','2023-10-23 07:49:58','2023-12-14 08:31:53',923,1,100,'#000000','','','','step','30',0),(52,'Back-End Developer',37,'IT','58/6 Võ Văn Hát, phường Long Trường, TP. Thủ Đức, TP. Hồ Chí Minh','- Phối hợp cùng bộ phận xây dựng và cập nhật website.\n- Cùng team xử lý sự cố mạng máy tính.\n- Kết hợp với team nghiên cứu các biện pháp tích hợp thanh toán trực tuyến, vận chuyển,…','2023-12-05 04:56:25','2024-01-04 09:39:50',929,1,100,'#000000','','','','step','30',0),(53,'Product Engineer',25,'3DM','58/6 Võ Văn Hát, phường Long Trường, TP. Thủ Đức, TP. Hồ Chí Minh','Thiết lập quy trình kiểm tra chất lượng sản phẩm. \n- Chịu trách nhiệm về (QC) chất lượng sản phẩm In 3D & Scan 3D \n- Kiểm tra, vận hành, bảo dưỡng các máy móc, thiết bị theo phân công.\n- Thiết kế ngược theo đơn hàng','2023-12-05 04:58:05','2024-01-29 10:27:37',928,1,100,'#000000','','','','step','30',0),(54,'HR. Business Partner',8,'Hành Chính Nhân Sự','58/6 Võ Văn Hát, phường Long Trường, TP. Thủ Đức, TP. Hồ Chí Minh','+ Tham gia các cuộc họp kick-off của các bộ phận chức năng để nắm bắt kế hoạch kinh doanh và đánh giá\nchuẩn bị nguồn nhân lực\n+ Kết hợp với các trưởng bộ phận và HR thực hiện phân tích nhu cầu đào tạo để tạo ra lộ trình phát triển\nnghề nghiệp cho từng cá nhân.\n+ Cùng với các trưởng bộ phận, HR và trợ lý TGĐ thiết kế hệ thống KPI\n+ Quan sát, lắng nghe và tiếp nhận mọi thông tin từ nhân viên trong công ty để kịp thời phản ứng hợp lý\nphục vụ cho ổn định nguồn nhân lực và phát triển kinh doanh.\n+ Giám sát nhân viên trong suốt quá trình làm việc để đưa ra các đánh giá chính xác về thái độ, tác phong\ncủa nhân viên các phòng ban.\n+ Định kỳ họp trao đổi với BOD để tiếp nhận các mục tiêu, kế hoạch phát triển doanh nghiệp để phân tích\nđánh giá nguồn nhân lực hiện hữu và chuẩn bị nhân lực mới nếu cần.','2023-12-07 06:30:19','2024-01-04 08:09:38',926,1,1,'#000000','','','','step','30',0),(56,'Office Manager cum. Education',1,'Hành Chính Nhân Sự','58/6 Võ Văn Hát, phường Long Trường, TP. Thủ Đức, TP. Hồ Chí Minh','Đang cập nhật','2023-12-14 08:20:13','2024-01-04 08:17:25',128,1,2,'#000000','','','','step','30',0),(57,'Sales & Marketing Director cum. e-commerce',2,'Sales','58/6 Võ Văn Hát, phường Long Trường, TP. Thủ Đức, TP. Hồ Chí Minh','- Phụ trách bán hàng online và marketing.\n- Doanh số bán hàng trên nền tảng trực tuyến 3dmanufacturer.com.vn theo từng giai đoạn 3 tháng; 6 tháng; 12 tháng;…\n- Doanh số bán hàng online trên Shopee, Lazada, Tiki: =>Tổng doanh thu tối thiểu 50 triệu tháng / trong 1 quý đầu tiên. Tăng trưởng liên tục hàng quý. \n- Mở rộng kinh doanh quốc tế đối với 3dmanufacturer.com.vn. Có doanh thu sau 6 tháng.','2023-12-14 08:31:39','2024-01-04 08:48:27',927,1,5,'#000000','','','','step','30',0),(58,'Marketing Event Executive',57,'Marketing','58/6 Võ Văn Hát, phường Long Trường, TP. Thủ Đức, TP. Hồ Chí Minh','-  Phụ trách sự kiện: Workshop, Seminar, Exhibition, Webinar,\n-  Lên kế hoạch và thực hiện biên soạn sáng tạo nội dung truyền thông.\n-  Làm short video/clip; chăm sóc Fanpage; truyền thông,..','2023-12-14 08:33:12','2024-01-05 07:42:32',918,1,100,'#000000','','','','step','30',0),(60,'Video Producer',4,'AE','58/6 Võ Văn Hát, phường Long Trường, TP. Thủ Đức, TP. Hồ Chí Minh','Sản xuất ra những video chất lượng phục vụ kế hoạch kinh doanh của công ty','2023-12-14 08:54:48','2024-01-04 09:08:02',930,1,100,'#000000','','','','step','30',0);
/*!40000 ALTER TABLE `tochuc___vi_tri` ENABLE KEYS */;
UNLOCK TABLES;

--
-- Table structure for table `users`
--

DROP TABLE IF EXISTS `users`;
/*!40101 SET @saved_cs_client     = @@character_set_client */;
/*!50503 SET character_set_client = utf8mb4 */;
CREATE TABLE `users` (
  `id` bigint unsigned NOT NULL AUTO_INCREMENT,
  `name` varchar(191) CHARACTER SET utf8mb4 COLLATE utf8mb4_unicode_ci NOT NULL,
  `email` varchar(191) CHARACTER SET utf8mb4 COLLATE utf8mb4_unicode_ci NOT NULL,
  `email_verified_at` timestamp NULL DEFAULT NULL,
  `password` varchar(191) CHARACTER SET utf8mb4 COLLATE utf8mb4_unicode_ci NOT NULL,
  `remember_token` varchar(100) CHARACTER SET utf8mb4 COLLATE utf8mb4_unicode_ci DEFAULT NULL,
  `current_team_id` bigint unsigned DEFAULT NULL,
  `profile_photo_path` text CHARACTER SET utf8mb4 COLLATE utf8mb4_unicode_ci,
  `sdt` varchar(191) CHARACTER SET utf8mb4 COLLATE utf8mb4_unicode_ci NOT NULL DEFAULT '0',
  `status` int NOT NULL DEFAULT '1',
  `created_at` timestamp NULL DEFAULT NULL,
  `updated_at` timestamp NULL DEFAULT NULL,
  PRIMARY KEY (`id`),
  UNIQUE KEY `users_email_unique` (`email`)
) ENGINE=InnoDB AUTO_INCREMENT=934 DEFAULT CHARSET=utf8mb4 COLLATE=utf8mb4_unicode_ci;
/*!40101 SET character_set_client = @saved_cs_client */;

--
-- Dumping data for table `users`
--

LOCK TABLES `users` WRITE;
/*!40000 ALTER TABLE `users` DISABLE KEYS */;
INSERT INTO `users` VALUES (1,'Trần Nhật Khánh','khanh.tran@3ds.vn',NULL,'$2y$10$Q.8qkNpfrM4Y5VudhXU5rueEP9OWOokodcCkALYFK5gIokNMCV1b2',NULL,0,'profile-photos/YRk6m3uWsDbGwkPaarbJR1eNHJeN33e6KkLEGlYT.jpg','0387599796',1,'2022-02-10 19:23:29','2023-09-19 04:21:51'),(10,'Trần Ngọc Toàn','toan.tran@3ds.vn',NULL,'$2y$10$iOuvQCMsuCY954FVIC9gTuFCbUC8.l59aSD2QTxGe6TtQJlV73CQW','JzOs9Tid9wu40ppbq0UVzTfjOKhEu0P97G8vAXod8vKPUcOht0YLCWnTr4FM',0,'profile-photos/5c1q430Jf49JzCRS0Q39EBByVBWLuo7UCkbn4Rmi.jpg','0964774739',1,'2020-10-21 06:45:58','2023-09-19 06:46:48'),(13,'Trần Nhật Nhi','nhi.tran@3ds.vn',NULL,'$2y$10$OoClG6BMVmXtIALleOexNOXt4gqUCeHeNjY/QH7QFLS4ZZqDbeGRa','M5kyr5fbFmlCnpij9RnhAlGN86rgtcYtktYTZnbPb7iRbrgaF5I0VvoNCyzv',0,'','0',1,'2020-10-22 06:23:59','2022-02-11 02:27:25'),(14,'Trương Tấn Tòng','tong@3ds.vn',NULL,'$2y$10$FsOflXEnP27vivEMOZWqy.xN0EXbwc0UiUQFyl4zo1/xiXsmG6LnK','W1CiG6NzRgJjiK651PNBHUOX0b8wDvguyscmaAU4ayxCgFz1muFjiOFh4nma',0,'profile-photos/oRoinRsGqq4XIhHYbL1P30ECUAAjQB8A6TUfTEVV.jpg','0983783709',1,'2020-10-23 01:52:58','2023-12-18 10:25:31'),(53,'Nguyễn Thị Ngọc Thư','thu.nguyen@3ds.vn',NULL,'$2y$10$TSzdwl1tk4kAbuo9glRAS.b0r9FZ/.CYX5Uy6OO4cxXqEPW77HmaO','yheqAE2WzAe5HQPeSspyLIetG21N8jhxsA4n3g9RltPMxEJo8Vgxgj2SaOHQ',0,'profile-photos/F2JWYeTKdR64osmZTrPa8oM4qYy1zFMmbr1ImT5j.jpg','0967686801',1,'2021-03-15 10:12:35','2023-09-19 06:55:51'),(61,'Trương Thành Long','long@3ds.vn',NULL,'$2y$10$OI8TMqiaYuBcGFrywtgi9u3rMAN8J/2XxwWhoowBNkpkDQD.VmIVG','PxS0lvc3KHmBF3eX1FPlqGWXAlSB5spDboPVzl0WkADLbW85iH3z8Z6WkAgG',0,'profile-photos/qw9xkCBrtg1viA1gGgoWJAf990yUhL7jhaiLS6GQ.jpg','0962918178',1,'2021-05-25 09:22:42','2023-09-19 06:51:19'),(77,'Nguyễn Hữu Bằng','bang.nguyen@3ds.vn',NULL,'$2y$10$vmH5YeuV7ReloRZnzJ5wLOBDGfyBYYvbnSawEUrtJIj5yIpdaddvy','EqX5ElwDRQ3hrFAZMi2TpjpyDXDJQYOcGIaKA73McjIaln8FHkyrbuP0u3j3',0,'profile-photos/R0xvbdWn6Gc5fctr2tdl7NNYkg1acskIIsHcUSGn.jpg','0973308052',1,'2021-07-15 16:41:12','2023-09-19 06:51:03'),(80,'Lê Bá Trung Kiên','kien.le@3ds.vn',NULL,'$2y$10$o3Ur6Sqy6zhAsUDMadTdJOejcKXMHzWr8YCBTvi5I8ZRU8Z9.NURi','HmeGWEKE5pQ5pCjkQ2O7eBwukeyvKCwXMsqaW12On6LiJFRJFCukxt7RYE9H',0,'profile-photos/iZjrIKH8LRS6cYwOwguHt4vDmqBJjVzFsbBvFDmU.jpg','0365878732',1,'2021-07-15 16:44:31','2023-09-19 06:53:11'),(82,'Phan Tuyết Hoa','hoa.phan@3ds.vn',NULL,'$2y$10$SASFawNPzIu2vfpbCpxYseoKW6Tqf093ZCl3bk5hmh90s1KQmbi2a','DinbEI9BS8shmrFqc74c1yR5kn1AvkgYN1yJr6BEoJtzRmEPDX5XS7SNQzth',0,'','0',1,'2021-07-15 16:45:44','2022-08-30 07:50:03'),(83,'Vương Hữu Đạt','dat.vuong@3ds.vn',NULL,'$2y$10$GfniFs8UYQQd5wkY1bsTyugZ09oAlfIAAS4RNi0KjlKGB5.NoxTOS','bpNCeB70KctdPLK5R8ATDuxaHMXKaZiZG12RTtOIqLWeBQ9JvDqnF3WqKopl',0,'profile-photos/Z9VHr9IWHkLum1pfUn7nqeodXzx3GqCpLTxuFxzV.jpg','0969761139',1,'2021-07-15 16:46:11','2023-10-12 07:40:59'),(86,'Nguyễn Thị Hải','hai.nguyen@3ds.vn',NULL,'$2y$10$Sn1slkV7.41IXdbur2rl6emdLiR74wwiOyhcWOvQGSczPCg0oHHpe',NULL,0,'','0977369052',1,'2021-07-15 16:47:42','2022-08-30 07:50:27'),(103,'Lê Hoài Hận','han.le@3ds.vn',NULL,'$2y$10$tLphz7RHtCO9hRYtEuc5cePeLDV0qA.O/bhciJCaDCt2d6vLo4UF6','3WkwoZiVXf568etRbT2HL7DfYbLYLhTttV68jliBFGqSNipkfg1BtGDjggnu',0,'profile-photos/faUIatL1fD4UfAEfhrsC3qB6riHM49TEMMnDOed0.jpg','0984390216',1,'2021-12-06 02:08:28','2023-10-26 08:09:45'),(107,'Công ty 3DS','marketing@3ds.vn',NULL,'$2y$10$Q.8qkNpfrM4Y5VudhXU5rueEP9OWOokodcCkALYFK5gIokNMCV1b2',NULL,NULL,'','0',0,'2022-03-02 03:07:13','2022-03-02 03:07:13'),(111,'Võ Văn Huy','huy.vo@3ds.vn',NULL,'$2y$10$oQLZI6k0pww9u545HKrTWu3gIMpKfLSZQrJuhXh2Q7FxYKnFA1yae',NULL,NULL,'profile-photos/nuRe6PocYC062YEQSkIZHuxtqdstu4YPjmmvqoPo.png','0965778970',1,'2022-09-08 07:21:56','2023-09-19 06:51:42'),(128,'Phạm Thị Ngọc Tú','tu.pham@3ds.vn',NULL,'$2y$10$0gw.pJV2p3Qg1E/sH9wLx.bcgJ9gsTdj7ly/VzuPyYP18iUfh71mq','owNjndSlLNZifuhbv3nseXnudTyPiAqtnenp0vLOJsGrmqAKhY68lqv1Ak45',NULL,'profile-photos/A81BZ9OVE1S2JMgS4x0CTBihT0V4q1Fh7BmbYqOu.png','0965593947',1,'2022-09-19 00:20:43','2023-10-13 06:33:07'),(129,'Trần Trung Nhơn','nhon.tran@3ds.vn',NULL,'$2y$10$/idUx3PAF8vrFb86o82ZS.qkwsn4a7YDyMV.FZoH4cLeURq0LL/K2','ezefP1enwOwpkkZCdPOSa3LT5oJ2zT7jaS80dn0Tat2kHLV7ZTIR5nIm9mSQ',NULL,'profile-photos/avtmgD6RcpRNTqrDXarKHRd3WjgZBXSh5wzf5L8j.jpg','0977991729‬',1,'2022-11-02 03:16:39','2023-09-19 06:50:20'),(130,'Nguyễn Thị Thu Phương','phuong.nguyen@3ds.vn',NULL,'$2y$10$f8ATJmFq0rZQQ3M6e4LCl.ocDunu5cEXqle2Ls3e.G./uIi07Rlyi','OL0JmyoF0jHOXmtcRUKKhSEV6DaRRXBKWWQtDe2UY95BfqhrhdFoo6lZsCKN',NULL,'profile-photos/Cm3HoLg82KnHgQYZIZjeHUR9askaasmpTP9iOCVx.jpg','0909687748',1,'2022-10-31 00:16:17','2023-09-19 06:56:33'),(134,'Nguyễn Hữu Tài','tai.nguyen@3ds.vn',NULL,'$2y$10$hp.dgwH8Wik4hE6xDbBv/us9lK153uISKQXon8RzGm16LMMaV47FW',NULL,NULL,'profile-photos/L8imMEeYAq4jkwKnwgysuEMygBROOx9lUDiiInv3.png','0982181786‬',1,'2023-02-09 09:11:23','2023-09-19 06:50:04'),(135,'Nguyễn Anh Tài','anhtai.nguyen@3ds.vn',NULL,'$2y$10$RUc19Xd627LNYy9kryFEV.26oLZjI417NFDSC0qBzEEadGHeT0ftu',NULL,NULL,'profile-photos/RvfZfHp4BcY14WwtbyHbcucMudT2in7wWOymsrz2.jpg','0961160907',1,'2023-04-07 09:38:36','2023-09-19 06:50:36'),(137,'Phùng Quốc Minh','minh.phung@3ds.vn',NULL,'$2y$10$2wgFqmmKUBtluKfNXjRSRechSky85hEAJUEv8k2kiJHbCx/U58YhG','R1xLrplMyTB5hpYRM7WyaaZkVvlbiSjjVueEdy9L6kId42hFbaZip6IN6LaN',NULL,'profile-photos/MQxOuPRcdOwBfJReZR9twVWUyqpVvgZJWldkG7R9.jpg','0918928223',1,'2023-06-20 04:07:06','2023-09-19 06:56:06'),(900,'3Dmanufacturer','hello@3dmanufacturer.com.vn',NULL,'hUztzc0GqSUgFNIr4sf4p1G6xUrci6xSiB2qSvJLNHtsbIW72nQchRl1PqlX',NULL,NULL,NULL,'0',1,NULL,NULL),(907,'Nguyễn Trần Huỳnh Nhi','nhi.nguyen@3ds.vn',NULL,'$2y$10$BHfJ3FdZKa.NnHQL7AexkuX1D75nHtLGbTHsnodp.Y6wZyvPknyay',NULL,NULL,'profile-photos/vYdDO1f1rLYHk6NCHBioxXq6erWnOHiu8ZRdWfL0.jpg','0785015197',1,'2023-09-05 03:57:16','2023-09-19 06:52:22'),(908,'Huỳnh Phước Tuân','tuan.huynh@3ds.vn',NULL,'$2y$10$3RO8n7TjxKMOmYMELTf5BON.uB7CxTXUSZa2aoplTPYx6/mdCrCo2',NULL,NULL,'profile-photos/yOdigqtvOrzWKJ19uR29MY8VXG2g0aaYx6gdFg5w.png','0777859278',1,'2023-09-05 03:59:07','2023-12-14 08:41:59'),(909,'Nguyễn Huỳnh Trung Hiếu','trunghieu.nguyen@3ds.vn',NULL,'$2y$10$Zep4IWOaYpa3FR/7Du7B7eCMxu7CqZqaOuFkBA3dBQRuHnf/WhsRS',NULL,NULL,'profile-photos/kJ4i8SLcVu9LV3RasFxZIhJZyErkaTsfIX6oU0Vu.png','0367550970',1,'2023-09-05 04:01:07','2023-09-18 07:09:35'),(910,'Lê Trần Phúc Hậu','hau.le@3ds.vn',NULL,'$2y$10$Xs7fe5I/dJdHTzrR3XS9tuX5b.2NTz.Et281TJGGQWi7GeZIPwbJe',NULL,NULL,'profile-photos/1XThXy21FN6W5RGdj4j8muX8JITPi65aglwDZooZ.jpg','0918928223',1,'2023-09-05 04:01:45','2023-09-19 06:53:32'),(911,'Nguyễn Hoàng Minh Long','long.nguyen@3ds.vn',NULL,'$2y$10$k5v5rYsQ.W8BqS/tX9h3SeRfGsHS688JP.V.dQLIjytSqMIGfgeh2',NULL,NULL,NULL,'0784176490',1,'2023-09-05 04:02:21','2023-09-05 04:02:21'),(912,'Trống','',NULL,'$2y$10$4ckPkj.jr2yGXYkzghysT.2RqNjwTnc8YIOPMepR6YOH/PLprzVXW',NULL,NULL,NULL,'',1,'2023-09-05 04:05:29','2023-10-13 03:26:42'),(913,'Trịnh Minh Mẫn','man.trinh@3ds.vn',NULL,'$2y$10$SZpaqVv.91inZIAj8ExHuutFaPFkHKq3RwtEmw5pEOGETgx7WlHwW',NULL,NULL,'profile-photos/oEQIUvamZ1QhrFsJN34Z11bsxKUV2BUUODB75u2c.jpg','0773183849',1,'2023-09-05 04:07:26','2023-09-19 06:55:00'),(914,'Nguyễn Thành Nhân','nhan.nguyen@3ds.vn',NULL,'$2y$10$qAj0KMmW0Q6j6UqTzgiaQuQl1BCT1flkXc8J9AOUwDHlEeDHc1bvG','xdAFtlQDtA89fsQFiz7Q1LTH4R3SWVTRPFpEbgOSvNiYRXCuzuJeLq596HXW',NULL,'profile-photos/ESSj2MybHszGZdWNUWkQAvpdVM3KRDmY6jdq1HrN.jpg','0907804777',1,'2023-09-05 04:08:53','2024-02-01 03:44:26'),(915,'Nguyễn Thị Hương','huong.nguyen@3ds.vn',NULL,'$2y$10$v6tGABzhQzSLLm1uXcw5Se8XAEqC9xedK2mJcZU91Q8zdiAEsEhFq',NULL,NULL,'profile-photos/l2jUwi9QWbvF4jCuMp9ePFlMB90k5KP98N8ZTBvp.jpg','0354662496',1,'2023-09-05 04:10:25','2023-12-14 08:46:10'),(916,'Lê Thanh Phú','phu.le@3ds.vn',NULL,'$2y$10$oixYloCiP07wbHhbL581nOkO/UrwWEc0RPWhFi6vZykHHM8pXbwNS',NULL,NULL,'profile-photos/6wEgBJ9Fbf6WL5KmVYQSCHVyY7tWaFBGUpr6EmAB.jpg','0907514930',1,'2023-09-05 04:11:13','2023-12-14 08:41:01'),(917,'Lang Hồng Quốc','quoc.lang@3ds.vn',NULL,'$2y$10$YebjUZ.jkqMG1Tp4faAbZOlKgoGNsNyvl2q6/rCZmIr9i/nfwkDbG',NULL,NULL,'profile-photos/GtiWXWR7XBn79erOPPgUh3wKK5og4s6YaU3CSY55.png','0972576972',1,'2023-09-05 04:11:41','2023-12-14 08:41:28'),(918,'Võ Quốc Việt','viet.vo@3ds.vn',NULL,'$2y$10$9IKuitVeomMEu.s5eEUCnONuVl9/ZoGSwfVk1E1cJch2AwTjLJVFC',NULL,NULL,'profile-photos/rxTdckWYojh51j98l4NfppSHyvsNLWkHmboKo8hw.jpg','0914701738',1,'2023-09-05 04:16:01','2023-12-14 08:40:26'),(919,'Ngô Thị Tường Vy','vy.ngo@3ds.vn',NULL,'$2y$10$8xznLXMJwgVmDOrNzU6pPut5m4Y3pEKUDpbYeSMvJddsB82LK6o.q',NULL,NULL,'profile-photos/5OilslATR4lyFdhzTKZb3q49AQwz0vE2x3733JD8.jpg','0763949788',1,'2023-09-05 04:18:04','2023-12-14 08:46:45'),(920,'Nguyễn Thị Yến Nhi','yennhi.nguyen@3ds.vn',NULL,'$2y$10$KCgHUHjZNDcDlHL8LJaXDOvJ0CtmPiQuuQ1DSab73njFn3ykoGLfm',NULL,NULL,'profile-photos/3hE9vGu18VQ5AUrIHk9kzVeMQghuJ70EPhkUSzAa.jpg','0969741139',1,'2023-09-05 04:19:32','2023-09-05 04:19:32'),(921,'Não Đồng Nhi','nhi.nao@3ds.vn',NULL,'$2y$10$P257i/X04jyT9OYuSEfMdeoQnC48JnIcvcHpTTuu13dzxWrpRP0SG',NULL,NULL,'profile-photos/xswyLc8rFbYpb91wKzlElb3Qn7BjNm5Pbyex78NF.jpg','0364126683',1,'2023-09-05 04:36:04','2023-09-18 07:09:04'),(922,'Nguyễn Thị Bích Thủy','thuy.nguyen@3ds.vn',NULL,'$2y$10$AcBJcw4w1cs6/sPM.Chal.bNa1JSOLlzWrsS7EY4UO5WyeNYttzTK',NULL,NULL,'profile-photos/q9DyCxXK5AAV6uLkWYuoBkm51GqmONUNvxZWy0D1.jpg','0977352554',1,'2023-09-28 01:38:47','2023-12-14 08:44:55'),(923,'Nguyễn Thị Tường Vi','vi.nguyen@3ds.vn',NULL,'$2y$10$utfjrhZdz2Nut..jdZjewe5j462Yxsqc1/yLcbbE8MaCcfIglLTNK',NULL,NULL,'profile-photos/BeL32CCdVzKcG8XXo0RkszDUtrgS6MGIah6qxIVE.jpg','0763949788',1,'2023-10-23 07:47:17','2023-12-14 08:39:23'),(924,'Nguyễn Đức Hiếu','hieu.nguyen@3ds.vn',NULL,'$2y$10$uSBFlOJE6nHHDdFOTcZZLemQzn4PHayhSMSJK6yOcrFwmqr8qg6c.',NULL,NULL,NULL,'0375408349',1,'2023-10-26 03:24:22','2023-10-26 03:24:22'),(925,'Trống','.@3ds.vn',NULL,'$2y$10$1CumEDldGGY9AECDW0guoecZfS9oWr5h388y.5l90i5e8XizL1l.i',NULL,NULL,'profile-photos/cYLEb8RweMC0OyFhAazYIlxw5vYYpPFyBcqTmgFb.png','.',0,'2023-12-05 04:51:00','2024-02-01 03:44:09'),(926,'Đoàn Thị Kiều Trang','trang.doan@3ds.vn',NULL,'$2y$10$lYElazJhpDWqxR7br1NC7ePcbZRVS9juXydmeP36HwBWPeWy.PL.m','wjwW2vYXG3Lp6CabfFuiXxMz36PBwVxaQZE6ZREwBpAR35qqDy7QQh4IYNCP',NULL,'profile-photos/phadhoAzlCdmSA0bdtTb8ILsXSAAQDmxoULjsWZ6.png','0931442784',1,'2023-12-05 04:51:46','2023-12-14 08:44:33'),(927,'Trống','vi.huynh@3ds.vn',NULL,'$2y$10$5ZttuqznfgfyijR/qo8P7uLGsWswbhs2qneHgW26MH48V7c1DkoIu',NULL,NULL,'profile-photos/9eoMWCflY4ULOuPx9o7rnF1JN6qCarQGhn3d9fSl.png','0909440474',0,'2023-12-05 04:53:10','2024-02-01 06:19:51'),(928,'Nguyễn Thành Đạt','dat.nguyen@3ds.vn',NULL,'$2y$10$kLGIGXJRlf6mpPa614EsnOErn6HZXDxSs4C3hPyvt7ZwaOwd.n0Oa',NULL,NULL,'profile-photos/oWxREmclOeZcFz0ZUsbDJmcldQCHYNcpw4QvWUs4.png','0367016528',1,'2023-12-05 04:54:13','2023-12-14 08:43:59'),(929,'Nguyễn Thành Đạt','thanhdat.nguyen@3ds.vn',NULL,'$2y$10$hSvLs8q9kYurCWthDv41r.SM.y1R7rpDXva0.1p0SEpRdWb25Ab3.',NULL,NULL,'profile-photos/tCTcJIspHFqQN3xQ4M1DpfrqKRDdD2iHDOCIlYvK.jpg','0921448464',1,'2023-12-05 04:54:57','2023-12-14 08:45:41'),(930,'Bùi Hữu Nhân','nhan.bui@3ds.vn',NULL,'$2y$10$YwSEsUDMJ8cFHks4OoqjB.LeMlwcIMTJiF8HEPWve55QK/mLpuuZq','F77u928V6y8Zx6RJtveU4HjNvM248830phTPbmUroaZrSfq3BmSLZt5DzNpz',NULL,NULL,'0966299454',1,'2023-12-12 02:30:23','2023-12-12 02:30:23'),(931,'Trần Cao Ngọc Liên','lien.tran@3ds.vn',NULL,'$2y$10$M0bqtVFrBpJOXy1HR.K3n.OsQkNelZJgJQDzvBNp.uM83iXY1kPZy',NULL,NULL,NULL,'0338675358',1,'2023-12-12 02:31:07','2023-12-12 02:31:07'),(932,'Trần Thị Ngân','ngan.tran@3ds.vn',NULL,'$2y$10$XC0rvRYiE60.j/3ZELhZyeLEpef7D80q9PT1dLHPa0ss8oGpuREzq',NULL,NULL,NULL,'0969584731',1,'2024-02-22 01:31:56','2024-02-22 01:31:56'),(933,'Hồ Quang Thắng','thang.ho@3ds.vn',NULL,'$2y$10$nKiSZEg1BZhFdfQujqdb9efrcOiZfr6xH25xQomibqe7QAJ.zDgoW',NULL,NULL,NULL,'0931806166',1,'2024-02-22 01:33:14','2024-02-22 01:33:14');
/*!40000 ALTER TABLE `users` ENABLE KEYS */;
UNLOCK TABLES;
/*!40103 SET TIME_ZONE=@OLD_TIME_ZONE */;

/*!40101 SET SQL_MODE=@OLD_SQL_MODE */;
/*!40014 SET FOREIGN_KEY_CHECKS=@OLD_FOREIGN_KEY_CHECKS */;
/*!40014 SET UNIQUE_CHECKS=@OLD_UNIQUE_CHECKS */;
/*!40101 SET CHARACTER_SET_CLIENT=@OLD_CHARACTER_SET_CLIENT */;
/*!40101 SET CHARACTER_SET_RESULTS=@OLD_CHARACTER_SET_RESULTS */;
/*!40101 SET COLLATION_CONNECTION=@OLD_COLLATION_CONNECTION */;
/*!40111 SET SQL_NOTES=@OLD_SQL_NOTES */;

-- Dump completed on 2024-03-01 13:45:06
